feature,shap_value,absolute_shap_value
Feature_889,0.025674644340355712,0.025674644340355712
Feature_85,0.018052615702086428,0.018052615702086428
Feature_113,0.01657759233375998,0.01657759233375998
Feature_729,0.014435670510076904,0.014435670510076904
Feature_65,0.011330163389453246,0.011330163389453246
Feature_143,0.01081733641764643,0.01081733641764643
Feature_931,-0.010568403433889699,0.010568403433889699
Feature_930,0.01012744302130045,0.01012744302130045
Feature_306,-0.00902883759056806,0.00902883759056806
Feature_512,0.008577846009654309,0.008577846009654309
Feature_882,0.008099164326776815,0.008099164326776815
Feature_981,0.0077814138822532184,0.0077814138822532184
Feature_936,-0.007455747886423154,0.007455747886423154
Feature_876,0.0074389830439329785,0.0074389830439329785
Feature_725,0.007329869140894516,0.007329869140894516
Feature_856,0.006170195965056564,0.006170195965056564
Feature_434,0.006004168290479584,0.006004168290479584
Feature_699,0.005518815580823002,0.005518815580823002
Feature_129,0.005129658722401018,0.005129658722401018
Feature_390,0.00502454162549764,0.00502454162549764
Feature_103,0.00445158709444371,0.00445158709444371
Feature_625,0.0042350287279577965,0.0042350287279577965
Feature_137,0.004199591906721025,0.004199591906721025
Feature_35,0.004126075023981422,0.004126075023981422
Feature_674,0.004050710383405658,0.004050710383405658
Feature_315,0.0039417807183971835,0.0039417807183971835
Feature_800,0.0038166209053377997,0.0038166209053377997
Feature_148,0.0036083763531364354,0.0036083763531364354
Feature_955,0.0034717173411223713,0.0034717173411223713
Feature_169,0.003357207241244282,0.003357207241244282
Feature_660,0.0031101377213563807,0.0031101377213563807
Feature_379,0.003015004442117366,0.003015004442117366
Feature_213,-0.0027632301366497815,0.0027632301366497815
Feature_769,0.00274803491248548,0.00274803491248548
Feature_927,0.0027188456539626316,0.0027188456539626316
Feature_2,0.0026793806834723454,0.0026793806834723454
Feature_136,0.0025773633419521502,0.0025773633419521502
Feature_176,0.002476126431522516,0.002476126431522516
Feature_563,0.00244537194911004,0.00244537194911004
Feature_493,0.0024177762504359636,0.0024177762504359636
Feature_948,0.002359323610352817,0.002359323610352817
Feature_587,0.0022905484124021314,0.0022905484124021314
Feature_284,0.002176262752307707,0.002176262752307707
Feature_657,-0.0020992694033614614,0.0020992694033614614
Feature_979,0.0020534677916703003,0.0020534677916703003
Feature_803,-0.0020480143109102757,0.0020480143109102757
Feature_198,-0.0019918432624814386,0.0019918432624814386
Feature_894,0.001959804262627358,0.001959804262627358
Feature_808,0.0019542676893328803,0.0019542676893328803
Feature_524,-0.0019267627625595197,0.0019267627625595197
Feature_16,0.0019204524261087386,0.0019204524261087386
Feature_580,0.0018821752486914533,0.0018821752486914533
Feature_742,-0.0018717806473091513,0.0018717806473091513
Feature_897,0.001834537508547811,0.001834537508547811
Feature_733,0.0018268257851445924,0.0018268257851445924
Feature_607,0.0018157989380415528,0.0018157989380415528
Feature_192,0.00178551903181841,0.00178551903181841
Feature_161,0.0017646532446269703,0.0017646532446269703
Feature_457,0.0017296709334583581,0.0017296709334583581
Feature_593,0.0015810454589519907,0.0015810454589519907
Feature_790,0.001578650441570062,0.001578650441570062
Feature_125,0.0015715054786187466,0.0015715054786187466
Feature_977,-0.0015684007304389526,0.0015684007304389526
Feature_865,-0.001527375583025332,0.001527375583025332
Feature_642,0.0015182611030468251,0.0015182611030468251
Feature_576,0.0015120632581101744,0.0015120632581101744
Feature_1009,0.0014940076540187874,0.0014940076540187874
Feature_93,0.0014485012648947303,0.0014485012648947303
Feature_799,0.0013851145294944444,0.0013851145294944444
Feature_962,0.0013809298528246927,0.0013809298528246927
Feature_221,-0.0013666172966122758,0.0013666172966122758
Feature_193,0.0013613306538769621,0.0013613306538769621
Feature_327,0.0013515670008609959,0.0013515670008609959
Feature_651,0.0013508006941904682,0.0013508006941904682
Feature_832,-0.0013420246043418871,0.0013420246043418871
Feature_361,-0.0013261212989445425,0.0013261212989445425
Feature_485,-0.0012885866705227044,0.0012885866705227044
Feature_813,0.0012368311939690102,0.0012368311939690102
Feature_34,0.0012284379618725083,0.0012284379618725083
Feature_285,0.0012176204719713723,0.0012176204719713723
Feature_792,0.0012169538375201227,0.0012169538375201227
Feature_1018,0.0011753114564083944,0.0011753114564083944
Feature_844,0.0011730366021834016,0.0011730366021834016
Feature_421,0.001160683405078089,0.001160683405078089
Feature_275,0.001157186042282774,0.001157186042282774
Feature_336,-0.0011556489088525269,0.0011556489088525269
Feature_846,0.0011491815200406564,0.0011491815200406564
Feature_81,-0.0011430795117469473,0.0011430795117469473
Feature_588,0.0011294661936699412,0.0011294661936699412
Feature_595,-0.0010557968028012965,0.0010557968028012965
Feature_295,-0.0010376042300555355,0.0010376042300555355
Feature_766,0.001037090887184604,0.001037090887184604
Feature_334,0.001018565770293236,0.001018565770293236
Feature_565,0.0009894713804351341,0.0009894713804351341
Feature_120,-0.0009851642867782574,0.0009851642867782574
Feature_739,-0.0009812957592566817,0.0009812957592566817
Feature_829,-0.0009796053927880167,0.0009796053927880167
Feature_765,0.00097887381936971,0.00097887381936971
Feature_982,0.0009473961062633407,0.0009473961062633407
Feature_268,0.0009427632962956523,0.0009427632962956523
Feature_988,0.0009333085355638104,0.0009333085355638104
Feature_513,0.0009329771349592874,0.0009329771349592874
Feature_5,0.0009267053251529944,0.0009267053251529944
Feature_96,0.0009080907945951821,0.0009080907945951821
Feature_4,-0.0009054137551754593,0.0009054137551754593
Feature_236,0.0009013851133249773,0.0009013851133249773
Feature_328,0.0008980287262522779,0.0008980287262522779
Feature_994,0.0008974212876358933,0.0008974212876358933
Feature_326,-0.0008927582185748406,0.0008927582185748406
Feature_464,0.0008842177598330636,0.0008842177598330636
Feature_740,-0.0008728733525799725,0.0008728733525799725
Feature_737,0.0008600973432930914,0.0008600973432930914
Feature_54,0.0008569331862008767,0.0008569331862008767
Feature_759,-0.0008456636763139613,0.0008456636763139613
Feature_504,-0.0008428376609845146,0.0008428376609845146
Feature_447,0.0008265967528018336,0.0008265967528018336
Feature_122,0.000818733040650983,0.000818733040650983
Feature_126,0.0008078457200281264,0.0008078457200281264
Feature_251,0.0008065336831600689,0.0008065336831600689
Feature_51,0.0008006806443563619,0.0008006806443563619
Feature_20,0.0007943811977406767,0.0007943811977406767
Feature_61,-0.0007935683658593007,0.0007935683658593007
Feature_232,0.000791475369460386,0.000791475369460386
Feature_959,0.0007600005762225237,0.0007600005762225237
Feature_916,-0.0007566728830744296,0.0007566728830744296
Feature_854,-0.0007555653181998423,0.0007555653181998423
Feature_276,0.0007366940567990809,0.0007366940567990809
Feature_817,0.0007345423508061799,0.0007345423508061799
Feature_836,0.0007180377291422246,0.0007180377291422246
Feature_667,0.0007177222167001673,0.0007177222167001673
Feature_712,0.000710033755151187,0.000710033755151187
Feature_376,-0.0007066293299476456,0.0007066293299476456
Feature_342,0.0007056922334481897,0.0007056922334481897
Feature_816,-0.0006961954323060126,0.0006961954323060126
Feature_459,0.0006943348636013269,0.0006943348636013269
Feature_793,-0.0006918024504547304,0.0006918024504547304
Feature_550,0.0006899721761985234,0.0006899721761985234
Feature_787,0.0006735085269997398,0.0006735085269997398
Feature_90,0.000663310007103064,0.000663310007103064
Feature_869,-0.0006603864977478225,0.0006603864977478225
Feature_750,0.0006486632286669191,0.0006486632286669191
Feature_795,0.0006387687290020949,0.0006387687290020949
Feature_845,0.0006365544420896185,0.0006365544420896185
Feature_166,0.0006353048541890871,0.0006353048541890871
Feature_731,0.0006290973932132715,0.0006290973932132715
Feature_165,-0.0006176037928889855,0.0006176037928889855
Feature_145,0.000616470967915177,0.000616470967915177
Feature_408,-0.0006121133043053817,0.0006121133043053817
Feature_367,-0.0006099280943277563,0.0006099280943277563
Feature_8,0.0006081845401786268,0.0006081845401786268
Feature_997,0.0006075456648704857,0.0006075456648704857
Feature_269,-0.000600591864965736,0.000600591864965736
Feature_471,-0.0005877730420138505,0.0005877730420138505
Feature_842,0.0005865979498310026,0.0005865979498310026
Feature_220,-0.0005849770222451411,0.0005849770222451411
Feature_974,0.0005698671168374858,0.0005698671168374858
Feature_755,0.000563127539604693,0.000563127539604693
Feature_786,0.000554067040100108,0.000554067040100108
Feature_700,-0.0005463295229967002,0.0005463295229967002
Feature_917,0.0005374947977543343,0.0005374947977543343
Feature_225,0.0005238868494870985,0.0005238868494870985
Feature_111,0.0005230290063036591,0.0005230290063036591
Feature_382,0.0005126125217046251,0.0005126125217046251
Feature_726,0.0005111241029658231,0.0005111241029658231
Feature_329,0.0005062659567568062,0.0005062659567568062
Feature_75,0.0005048160152318815,0.0005048160152318815
Feature_675,0.0004999619297396407,0.0004999619297396407
Feature_690,0.0004990129346560935,0.0004990129346560935
Feature_714,-0.0004965227292101559,0.0004965227292101559
Feature_843,0.0004916876240588408,0.0004916876240588408
Feature_531,0.0004854111815438955,0.0004854111815438955
Feature_311,0.0004854012332556579,0.0004854012332556579
Feature_132,0.0004806532108477768,0.0004806532108477768
Feature_704,0.0004792665643935834,0.0004792665643935834
Feature_78,-0.00047871643141434106,0.00047871643141434106
Feature_219,0.00047127882289260014,0.00047127882289260014
Feature_995,0.0004710868809615931,0.0004710868809615931
Feature_624,0.0004700848334334751,0.0004700848334334751
Feature_940,0.0004678496053543313,0.0004678496053543313
Feature_393,0.00046726021048812074,0.00046726021048812074
Feature_246,0.00046033836339574917,0.00046033836339574917
Feature_290,0.000458672045408548,0.000458672045408548
Feature_105,0.0004566103196066251,0.0004566103196066251
Feature_353,0.00045607832758662423,0.00045607832758662423
Feature_719,-0.00045271384885040787,0.00045271384885040787
Feature_461,0.0004523282884383661,0.0004523282884383661
Feature_231,0.0004504801155883342,0.0004504801155883342
Feature_851,0.00044954202311600964,0.00044954202311600964
Feature_956,0.00044776267342967914,0.00044776267342967914
Feature_574,-0.00044749894784843034,0.00044749894784843034
Feature_515,0.0004460942870349527,0.0004460942870349527
Feature_185,0.00044560174733362603,0.00044560174733362603
Feature_695,0.0004413552426080969,0.0004413552426080969
Feature_928,0.0004405282927820053,0.0004405282927820053
Feature_46,0.00044048788484360554,0.00044048788484360554
Feature_562,-0.0004402292146518505,0.0004402292146518505
Feature_785,-0.0004392725697834976,0.0004392725697834976
Feature_839,-0.0004351724956279668,0.0004351724956279668
Feature_22,0.0004258463157248116,0.0004258463157248116
Feature_1010,0.0004253421611053909,0.0004253421611053909
Feature_689,0.00042496499313983806,0.00042496499313983806
Feature_925,0.00042224039756547424,0.00042224039756547424
Feature_163,0.0004209710720488147,0.0004209710720488147
Feature_953,-0.0004207714287258568,0.0004207714287258568
Feature_641,0.0004205249305050529,0.0004205249305050529
Feature_671,-0.00041898991655671126,0.00041898991655671126
Feature_899,-0.00041733866479262363,0.00041733866479262363
Feature_343,0.0004166087362909821,0.0004166087362909821
Feature_751,-0.00041578518809842535,0.00041578518809842535
Feature_211,0.0004074343832326122,0.0004074343832326122
Feature_581,-0.0003983396860121502,0.0003983396860121502
Feature_623,0.00039799305474389255,0.00039799305474389255
Feature_516,0.0003958233333651151,0.0003958233333651151
Feature_438,0.00039541157479106915,0.00039541157479106915
Feature_631,0.00039420422654075083,0.00039420422654075083
Feature_961,0.0003935833965124402,0.0003935833965124402
Feature_782,0.0003881012601345901,0.0003881012601345901
Feature_262,0.00038790377808709306,0.00038790377808709306
Feature_640,0.0003844719163691934,0.0003844719163691934
Feature_758,-0.0003834912960962811,0.0003834912960962811
Feature_26,0.00038170644290175915,0.00038170644290175915
Feature_446,-0.0003817018654626736,0.0003817018654626736
Feature_696,-0.0003815512277137145,0.0003815512277137145
Feature_274,0.0003809124161398358,0.0003809124161398358
Feature_355,0.000378242121932999,0.000378242121932999
Feature_201,0.0003774862178170224,0.0003774862178170224
Feature_1011,-0.0003722785075291313,0.0003722785075291313
Feature_732,-0.0003720562954640627,0.0003720562954640627
Feature_9,0.00037033416970643884,0.00037033416970643884
Feature_362,0.0003694220107993829,0.0003694220107993829
Feature_474,-0.0003647724878101144,0.0003647724878101144
Feature_873,0.0003646735389929745,0.0003646735389929745
Feature_773,0.0003631546293172505,0.0003631546293172505
Feature_321,0.0003630083844393539,0.0003630083844393539
Feature_685,-0.00036293567098937273,0.00036293567098937273
Feature_647,0.0003619588179105904,0.0003619588179105904
Feature_429,-0.00036029318726093606,0.00036029318726093606
Feature_721,0.00035967797598459585,0.00035967797598459585
Feature_339,-0.000356896436869647,0.000356896436869647
Feature_487,0.000354053690813565,0.000354053690813565
Feature_715,0.00035362141758241703,0.00035362141758241703
Feature_525,0.0003526926919630569,0.0003526926919630569
Feature_743,0.00035227073545684106,0.00035227073545684106
Feature_597,-0.00035184038784791483,0.00035184038784791483
Feature_14,0.0003512658706733873,0.0003512658706733873
Feature_210,0.0003510377808068199,0.0003510377808068199
Feature_914,-0.00035084486516552717,0.00035084486516552717
Feature_216,0.0003487773482493139,0.0003487773482493139
Feature_668,0.00034708619970345465,0.00034708619970345465
Feature_155,0.000346674802308371,0.000346674802308371
Feature_59,0.0003455262862189556,0.0003455262862189556
Feature_241,0.0003428693977184594,0.0003428693977184594
Feature_949,0.0003363255413589172,0.0003363255413589172
Feature_887,-0.00033560274480805676,0.00033560274480805676
Feature_289,0.0003337259302452367,0.0003337259302452367
Feature_693,0.00032879797871657954,0.00032879797871657954
Feature_147,0.0003283286156693066,0.0003283286156693066
Feature_645,0.0003241402407502392,0.0003241402407502392
Feature_127,-0.00031897038836291357,0.00031897038836291357
Feature_654,-0.00031880892436106476,0.00031880892436106476
Feature_424,0.0003158645444727881,0.0003158645444727881
Feature_43,0.0003149636137862899,0.0003149636137862899
Feature_837,0.0003144305753448862,0.0003144305753448862
Feature_791,0.0003129526237034952,0.0003129526237034952
Feature_402,0.00031241346891874855,0.00031241346891874855
Feature_963,0.00030745490869776404,0.00030745490869776404
Feature_904,0.00030704846534717944,0.00030704846534717944
Feature_378,-0.0003058067444533208,0.0003058067444533208
Feature_388,0.0003010393036038295,0.0003010393036038295
Feature_141,0.0003000885946175913,0.0003000885946175913
Feature_356,0.0002998008073154779,0.0002998008073154779
Feature_364,-0.00029536394983097124,0.00029536394983097124
Feature_900,-0.00029298485661001907,0.00029298485661001907
Feature_242,0.000290771405580017,0.000290771405580017
Feature_80,-0.0002897223822503747,0.0002897223822503747
Feature_100,-0.00028820334543524953,0.00028820334543524953
Feature_805,-0.0002841114617103813,0.0002841114617103813
Feature_926,0.00028302756700213647,0.00028302756700213647
Feature_37,0.0002821671350568522,0.0002821671350568522
Feature_905,0.0002819478602879144,0.0002819478602879144
Feature_484,0.0002817235551628983,0.0002817235551628983
Feature_566,0.0002804144636388628,0.0002804144636388628
Feature_182,0.0002791430256888816,0.0002791430256888816
Feature_115,-0.00027806622835726104,0.00027806622835726104
Feature_159,0.00027691090260304916,0.00027691090260304916
Feature_996,0.00027423589232057567,0.00027423589232057567
Feature_441,0.00027260501106525227,0.00027260501106525227
Feature_448,0.00027025808372854954,0.00027025808372854954
Feature_118,0.0002698165534133068,0.0002698165534133068
Feature_495,0.00026590532157229064,0.00026590532157229064
Feature_558,0.000264522492748398,0.000264522492748398
Feature_473,0.00026443273998211225,0.00026443273998211225
Feature_347,0.0002612908946503012,0.0002612908946503012
Feature_478,-0.00026099527483893327,0.00026099527483893327
Feature_945,0.00026048001691037826,0.00026048001691037826
Feature_551,0.00025858860915832336,0.00025858860915832336
Feature_467,-0.00025839171519919545,0.00025839171519919545
Feature_296,0.0002568605195165219,0.0002568605195165219
Feature_559,0.0002568221212914068,0.0002568221212914068
Feature_74,-0.0002564055068978632,0.0002564055068978632
Feature_972,-0.0002552496821999739,0.0002552496821999739
Feature_230,0.00025505307890853144,0.00025505307890853144
Feature_541,0.0002550497347558434,0.0002550497347558434
Feature_713,0.00025361828818859066,0.00025361828818859066
Feature_883,0.00025189507923187196,0.00025189507923187196
Feature_760,0.00025176760423050836,0.00025176760423050836
Feature_346,0.00025147196743091627,0.00025147196743091627
Feature_802,0.0002506328613911535,0.0002506328613911535
Feature_63,0.0002506158562437122,0.0002506158562437122
Feature_215,-0.00025037825662309386,0.00025037825662309386
Feature_365,0.00024888771013593215,0.00024888771013593215
Feature_40,0.00024846753891324627,0.00024846753891324627
Feature_312,0.0002452048441318766,0.0002452048441318766
Feature_775,0.00024468984900295255,0.00024468984900295255
Feature_302,0.00024366894353676117,0.00024366894353676117
Feature_91,-0.00024335434995052197,0.00024335434995052197
Feature_344,-0.00024248047923720151,0.00024248047923720151
Feature_703,0.00024191756141590305,0.00024191756141590305
Feature_84,-0.00023884167926098597,0.00023884167926098597
Feature_272,-0.00023829315523016704,0.00023829315523016704
Feature_406,-0.00023629195054127193,0.00023629195054127193
Feature_369,0.00023620383331035555,0.00023620383331035555
Feature_608,0.0002356876048406775,0.0002356876048406775
Feature_746,-0.00023565661214831836,0.00023565661214831836
Feature_571,0.00023449178642749756,0.00023449178642749756
Feature_718,0.0002344378366615274,0.0002344378366615274
Feature_189,0.00022764827754144789,0.00022764827754144789
Feature_867,0.00022741875356587114,0.00022741875356587114
Feature_453,0.00022736442748964693,0.00022736442748964693
Feature_888,0.00022632042492574557,0.00022632042492574557
Feature_191,-0.00022064766932089697,0.00022064766932089697
Feature_691,0.00021967540789319173,0.00021967540789319173
Feature_273,-0.0002173653315651336,0.0002173653315651336
Feature_416,0.000215522716544001,0.000215522716544001
Feature_741,-0.00021376894039349282,0.00021376894039349282
Feature_47,-0.0002137531302398088,0.0002137531302398088
Feature_310,-0.00021349360551312202,0.00021349360551312202
Feature_804,0.00021268872147629737,0.00021268872147629737
Feature_1020,0.00021183180092132047,0.00021183180092132047
Feature_492,0.00021172884084080579,0.00021172884084080579
Feature_325,0.00021073190047900424,0.00021073190047900424
Feature_440,-0.00020962427319318522,0.00020962427319318522
Feature_278,0.00020952302540536038,0.00020952302540536038
Feature_180,0.00020860516400716733,0.00020860516400716733
Feature_239,-0.00020509173547907266,0.00020509173547907266
Feature_648,-0.0002010982096999214,0.0002010982096999214
Feature_499,0.00020093244547751964,0.00020093244547751964
Feature_932,0.00019865477119310527,0.00019865477119310527
Feature_21,0.00019635208117506407,0.00019635208117506407
Feature_1016,0.00019578472805733326,0.00019578472805733326
Feature_386,0.00019574445995658606,0.00019574445995658606
Feature_233,0.00019559864505254155,0.00019559864505254155
Feature_611,0.00019478397873172072,0.00019478397873172072
Feature_297,0.0001939023140948848,0.0001939023140948848
Feature_532,0.0001937454691142193,0.0001937454691142193
Feature_449,0.00019208359534786723,0.00019208359534786723
Feature_744,0.00019191932013200132,0.00019191932013200132
Feature_226,0.00019186154401495514,0.00019186154401495514
Feature_102,-0.00018935023288577213,0.00018935023288577213
Feature_330,0.0001868749573054629,0.0001868749573054629
Feature_1003,0.00018663536679014214,0.00018663536679014214
Feature_838,0.00018662926093384157,0.00018662926093384157
Feature_724,0.00018625451354353117,0.00018625451354353117
Feature_976,0.00018598561912767765,0.00018598561912767765
Feature_175,-0.00018596825808344874,0.00018596825808344874
Feature_30,-0.00018576874922473507,0.00018576874922473507
Feature_601,0.00018549630795632765,0.00018549630795632765
Feature_252,0.0001849969738603363,0.0001849969738603363
Feature_491,-0.00018377854433765606,0.00018377854433765606
Feature_984,-0.00018212366146144632,0.00018212366146144632
Feature_477,0.00018081041273489972,0.00018081041273489972
Feature_50,0.0001762223038349475,0.0001762223038349475
Feature_701,-0.0001750963202357525,0.0001750963202357525
Feature_456,-0.00017471060481511814,0.00017471060481511814
Feature_834,0.00017295346994615103,0.00017295346994615103
Feature_589,0.00017156482467726165,0.00017156482467726165
Feature_179,0.0001715513804992952,0.0001715513804992952
Feature_653,0.00017136538233501143,0.00017136538233501143
Feature_676,0.000171246301297856,0.000171246301297856
Feature_260,0.00017001254303977475,0.00017001254303977475
Feature_655,-0.00016873057583325135,0.00016873057583325135
Feature_6,0.00016821593780605326,0.00016821593780605326
Feature_652,0.00016735818637243937,0.00016735818637243937
Feature_158,-0.0001663958256369824,0.0001663958256369824
Feature_915,-0.00016590572206951038,0.00016590572206951038
Feature_828,0.00016504235044521919,0.00016504235044521919
Feature_569,0.00016406746544816997,0.00016406746544816997
Feature_135,-0.00016376979919186852,0.00016376979919186852
Feature_380,0.00016375580119529332,0.00016375580119529332
Feature_892,0.00016261289256362942,0.00016261289256362942
Feature_578,0.00016237264208029956,0.00016237264208029956
Feature_267,-0.00016129437201470865,0.00016129437201470865
Feature_186,0.00015964220493174252,0.00015964220493174252
Feature_694,0.0001583074825248332,0.0001583074825248332
Feature_947,0.00015717769896809842,0.00015717769896809842
Feature_508,0.00015707403979945412,0.00015707403979945412
Feature_609,0.00015659482192859287,0.00015659482192859287
Feature_663,0.0001557829693729218,0.0001557829693729218
Feature_475,-0.00015524243911954727,0.00015524243911954727
Feature_430,0.00015512796349639757,0.00015512796349639757
Feature_985,0.00015111370145859838,0.00015111370145859838
Feature_247,0.000149172183328119,0.000149172183328119
Feature_263,0.0001484545225957845,0.0001484545225957845
Feature_168,0.00014757055243535432,0.00014757055243535432
Feature_208,-0.00014743939279469488,0.00014743939279469488
Feature_387,0.00014582096744163663,0.00014582096744163663
Feature_501,0.00014577090122202207,0.00014577090122202207
Feature_717,-0.0001454474158163066,0.0001454474158163066
Feature_778,0.00014452076205770937,0.00014452076205770937
Feature_801,-0.00014432638143034636,0.00014432638143034636
Feature_66,-0.000143446299534844,0.000143446299534844
Feature_697,0.00014107988841715268,0.00014107988841715268
Feature_626,-0.0001408032053222996,0.0001408032053222996
Feature_970,0.00014054816481802844,0.00014054816481802844
Feature_827,0.0001404839462338714,0.0001404839462338714
Feature_318,0.00014010062382794787,0.00014010062382794787
Feature_351,0.00014003058793718993,0.00014003058793718993
Feature_187,0.0001395467237034609,0.0001395467237034609
Feature_340,0.00013952050714578944,0.00013952050714578944
Feature_109,-0.00013908399785577785,0.00013908399785577785
Feature_437,0.00013888584375763458,0.00013888584375763458
Feature_298,-0.00013855556990165495,0.00013855556990165495
Feature_810,-0.000138499322480925,0.000138499322480925
Feature_354,0.00013835185451171127,0.00013835185451171127
Feature_140,0.00013777868547208528,0.00013777868547208528
Feature_19,0.00013664957355558727,0.00013664957355558727
Feature_279,-0.00013623685124002804,0.00013623685124002804
Feature_552,0.0001347808994614752,0.0001347808994614752
Feature_884,0.00013222593719547149,0.00013222593719547149
Feature_305,0.0001321269104755629,0.0001321269104755629
Feature_549,0.00012825694733692216,0.00012825694733692216
Feature_528,0.00012791424520401052,0.00012791424520401052
Feature_427,0.00012789011603672406,0.00012789011603672406
Feature_237,0.00012766012310805764,0.00012766012310805764
Feature_600,0.00012718833997496404,0.00012718833997496404
Feature_702,0.00012618166206266324,0.00012618166206266324
Feature_957,0.00012445200160811964,0.00012445200160811964
Feature_277,0.00012319819579715842,0.00012319819579715842
Feature_250,0.00012244158133057682,0.00012244158133057682
Feature_64,-0.00012159275574219919,0.00012159275574219919
Feature_943,0.00012094898459054093,0.00012094898459054093
Feature_629,0.00012094510753740906,0.00012094510753740906
Feature_134,0.00012076666786015267,0.00012076666786015267
Feature_470,0.00011959439198108157,0.00011959439198108157
Feature_798,0.00011948891426072806,0.00011948891426072806
Feature_317,0.00011821035567663785,0.00011821035567663785
Feature_1013,0.00011813710993010319,0.00011813710993010319
Feature_481,0.00011779963292610774,0.00011779963292610774
Feature_891,0.00011760336461975384,0.00011760336461975384
Feature_606,-0.0001172804262387217,0.0001172804262387217
Feature_722,0.00011622711679933673,0.00011622711679933673
Feature_465,0.00011448575164649811,0.00011448575164649811
Feature_797,0.00011376737839782436,0.00011376737839782436
Feature_592,0.00011337785035721026,0.00011337785035721026
Feature_48,0.00011206364881218178,0.00011206364881218178
Feature_24,0.0001118782537196239,0.0001118782537196239
Feature_582,0.00011184088461050124,0.00011184088461050124
Feature_370,0.00011180992270965362,0.00011180992270965362
Feature_820,0.00010995278508744377,0.00010995278508744377
Feature_423,-0.00010929329560894985,0.00010929329560894985
Feature_404,-0.00010870826678001322,0.00010870826678001322
Feature_101,0.00010839345826752833,0.00010839345826752833
Feature_594,0.00010817720759860094,0.00010817720759860094
Feature_131,-0.00010805633575500907,0.00010805633575500907
Feature_79,-0.0001079711251986737,0.0001079711251986737
Feature_969,0.00010767334919819404,0.00010767334919819404
Feature_52,0.00010640201827300189,0.00010640201827300189
Feature_705,-0.00010538553891819902,0.00010538553891819902
Feature_864,-0.00010495092905330239,0.00010495092905330239
Feature_673,0.00010406312333770983,0.00010406312333770983
Feature_586,0.00010313412122741284,0.00010313412122741284
Feature_359,-0.00010311381439350953,0.00010311381439350953
Feature_521,0.0001027932936904108,0.0001027932936904108
Feature_596,0.00010255512971866665,0.00010255512971866665
Feature_482,0.00010119286067492794,0.00010119286067492794
Feature_781,0.00010112664750522527,0.00010112664750522527
Feature_556,0.00010087767106597311,0.00010087767106597311
Feature_831,9.984509534660902e-05,9.984509534660902e-05
Feature_853,9.968110514819273e-05,9.968110514819273e-05
Feature_452,9.934317068200472e-05,9.934317068200472e-05
Feature_167,9.874603431853757e-05,9.874603431853757e-05
Feature_88,9.822858084135077e-05,9.822858084135077e-05
Feature_811,9.62936541691306e-05,9.62936541691306e-05
Feature_754,-9.623472504642905e-05,9.623472504642905e-05
Feature_157,9.610854409402237e-05,9.610854409402237e-05
Feature_896,9.608041445972049e-05,9.608041445972049e-05
Feature_975,9.599383914633109e-05,9.599383914633109e-05
Feature_60,-9.595203806384234e-05,9.595203806384234e-05
Feature_209,-9.494981084571918e-05,9.494981084571918e-05
Feature_764,-9.433818573597818e-05,9.433818573597818e-05
Feature_146,9.37350573360618e-05,9.37350573360618e-05
Feature_38,9.362963210151065e-05,9.362963210151065e-05
Feature_323,-9.350729692073401e-05,9.350729692073401e-05
Feature_603,-9.180208598650097e-05,9.180208598650097e-05
Feature_72,-9.167592836092808e-05,9.167592836092808e-05
Feature_547,-9.159809391348972e-05,9.159809391348972e-05
Feature_227,-9.157526706530916e-05,9.157526706530916e-05
Feature_847,9.153652956229053e-05,9.153652956229053e-05
Feature_672,-9.152607877695118e-05,9.152607877695118e-05
Feature_363,9.151124737400096e-05,9.151124737400096e-05
Feature_224,8.952590930675796e-05,8.952590930675796e-05
Feature_11,-8.8662574553382e-05,8.8662574553382e-05
Feature_202,-8.826890833006473e-05,8.826890833006473e-05
Feature_314,8.76524791533484e-05,8.76524791533484e-05
Feature_966,-8.641394597361796e-05,8.641394597361796e-05
Feature_538,8.522099012338913e-05,8.522099012338913e-05
Feature_772,-8.493414657095855e-05,8.493414657095855e-05
Feature_415,-8.413593976911216e-05,8.413593976911216e-05
Feature_557,-8.385325949006984e-05,8.385325949006984e-05
Feature_886,8.345351862089956e-05,8.345351862089956e-05
Feature_730,-8.272312990357023e-05,8.272312990357023e-05
Feature_692,-8.255733723672165e-05,8.255733723672165e-05
Feature_286,8.250227134340093e-05,8.250227134340093e-05
Feature_918,8.170509419869632e-05,8.170509419869632e-05
Feature_529,8.166286503183073e-05,8.166286503183073e-05
Feature_112,8.165508595993743e-05,8.165508595993743e-05
Feature_483,8.1458509444019e-05,8.1458509444019e-05
Feature_748,8.041746606522793e-05,8.041746606522793e-05
Feature_991,-7.863623850425938e-05,7.863623850425938e-05
Feature_568,7.839728504904997e-05,7.839728504904997e-05
Feature_144,7.830837758888266e-05,7.830837758888266e-05
Feature_861,7.771738744850155e-05,7.771738744850155e-05
Feature_83,7.758147029790052e-05,7.758147029790052e-05
Feature_222,-7.747280303647131e-05,7.747280303647131e-05
Feature_965,7.702976508880966e-05,7.702976508880966e-05
Feature_254,-7.678224973460601e-05,7.678224973460601e-05
Feature_517,-7.661461791940383e-05,7.661461791940383e-05
Feature_572,-7.633068255927356e-05,7.633068255927356e-05
Feature_234,7.532337457263338e-05,7.532337457263338e-05
Feature_999,7.439505486217968e-05,7.439505486217968e-05
Feature_407,7.39715165236987e-05,7.39715165236987e-05
Feature_763,-7.381594899925403e-05,7.381594899925403e-05
Feature_283,7.35163151693996e-05,7.35163151693996e-05
Feature_635,-7.184640356626915e-05,7.184640356626915e-05
Feature_716,7.18299684399426e-05,7.18299684399426e-05
Feature_71,-7.090682440320961e-05,7.090682440320961e-05
Feature_993,7.079478733658106e-05,7.079478733658106e-05
Feature_333,-7.050469167552365e-05,7.050469167552365e-05
Feature_25,7.017723687567923e-05,7.017723687567923e-05
Feature_15,6.969086741719366e-05,6.969086741719366e-05
Feature_377,-6.957208633593836e-05,6.957208633593836e-05
Feature_433,6.933673987532529e-05,6.933673987532529e-05
Feature_403,6.927522976184264e-05,6.927522976184264e-05
Feature_502,-6.919444393133745e-05,6.919444393133745e-05
Feature_494,6.851615199138906e-05,6.851615199138906e-05
Feature_875,-6.832262067746342e-05,6.832262067746342e-05
Feature_489,-6.820681104045434e-05,6.820681104045434e-05
Feature_546,-6.800198134442326e-05,6.800198134442326e-05
Feature_812,6.763889035937609e-05,6.763889035937609e-05
Feature_32,-6.758001687785508e-05,6.758001687785508e-05
Feature_1023,6.70395456472761e-05,6.70395456472761e-05
Feature_395,-6.69410749560484e-05,6.69410749560484e-05
Feature_615,6.68300288498358e-05,6.68300288498358e-05
Feature_923,-6.672212462376593e-05,6.672212462376593e-05
Feature_907,6.62185361079537e-05,6.62185361079537e-05
Feature_522,6.612207669149938e-05,6.612207669149938e-05
Feature_684,6.539550460729515e-05,6.539550460729515e-05
Feature_420,6.515344326544436e-05,6.515344326544436e-05
Feature_630,6.473375115092494e-05,6.473375115092494e-05
Feature_809,6.440344069233106e-05,6.440344069233106e-05
Feature_643,6.439703999603807e-05,6.439703999603807e-05
Feature_946,-6.362960228216252e-05,6.362960228216252e-05
Feature_770,-6.354143892622232e-05,6.354143892622232e-05
Feature_217,6.259437181309835e-05,6.259437181309835e-05
Feature_777,6.244961783295366e-05,6.244961783295366e-05
Feature_316,6.242857432880555e-05,6.242857432880555e-05
Feature_228,-6.226653784779046e-05,6.226653784779046e-05
Feature_243,6.18253779589395e-05,6.18253779589395e-05
Feature_826,-6.179718084240449e-05,6.179718084240449e-05
Feature_480,-6.075032951230241e-05,6.075032951230241e-05
Feature_1002,6.056173053366365e-05,6.056173053366365e-05
Feature_906,-6.026371147527243e-05,6.026371147527243e-05
Feature_42,6.026199337611615e-05,6.026199337611615e-05
Feature_172,6.024787384376396e-05,6.024787384376396e-05
Feature_738,6.0231579636820244e-05,6.0231579636820244e-05
Feature_661,5.928836006205529e-05,5.928836006205529e-05
Feature_509,-5.89675199080375e-05,5.89675199080375e-05
Feature_992,5.8480160878389145e-05,5.8480160878389145e-05
Feature_688,-5.777284938062621e-05,5.777284938062621e-05
Feature_612,5.764462293882389e-05,5.764462293882389e-05
Feature_823,-5.729100732423831e-05,5.729100732423831e-05
Feature_711,5.674326887856296e-05,5.674326887856296e-05
Feature_1006,5.620558042664925e-05,5.620558042664925e-05
Feature_628,-5.596094888460357e-05,5.596094888460357e-05
Feature_130,5.5894941110636866e-05,5.5894941110636866e-05
Feature_171,5.581938398790953e-05,5.581938398790953e-05
Feature_256,-5.4749137648286704e-05,5.4749137648286704e-05
Feature_368,-5.470907891549359e-05,5.470907891549359e-05
Feature_590,5.445590908493614e-05,5.445590908493614e-05
Feature_584,5.429641359569359e-05,5.429641359569359e-05
Feature_358,5.3793921824762944e-05,5.3793921824762944e-05
Feature_898,-5.358947222703137e-05,5.358947222703137e-05
Feature_872,5.334676124903126e-05,5.334676124903126e-05
Feature_752,5.3216936830722264e-05,5.3216936830722264e-05
Feature_968,-5.293060134135885e-05,5.293060134135885e-05
Feature_780,-5.292411588015966e-05,5.292411588015966e-05
Feature_903,5.2922117118896496e-05,5.2922117118896496e-05
Feature_523,-5.150511365854982e-05,5.150511365854982e-05
Feature_761,5.1268276561131646e-05,5.1268276561131646e-05
Feature_435,5.1268180681063316e-05,5.1268180681063316e-05
Feature_911,-5.0787367717930466e-05,5.0787367717930466e-05
Feature_951,5.060974989419264e-05,5.060974989419264e-05
Feature_418,-5.059126663581992e-05,5.059126663581992e-05
Feature_622,5.047444479259866e-05,5.047444479259866e-05
Feature_727,-4.989729332407933e-05,4.989729332407933e-05
Feature_73,4.913540141387784e-05,4.913540141387784e-05
Feature_990,-4.86780437768175e-05,4.86780437768175e-05
Feature_417,-4.8633557523771744e-05,4.8633557523771744e-05
Feature_162,4.766666881550918e-05,4.766666881550918e-05
Feature_935,4.755158835905604e-05,4.755158835905604e-05
Feature_933,-4.753974490085966e-05,4.753974490085966e-05
Feature_922,4.743969147966709e-05,4.743969147966709e-05
Feature_203,-4.725740640424192e-05,4.725740640424192e-05
Feature_1014,-4.685647865699138e-05,4.685647865699138e-05
Feature_104,-4.625814190376332e-05,4.625814190376332e-05
Feature_431,4.4882416895006826e-05,4.4882416895006826e-05
Feature_536,-4.4693563713735786e-05,4.4693563713735786e-05
Feature_627,4.4647489066846904e-05,4.4647489066846904e-05
Feature_548,-4.4611678184196535e-05,4.4611678184196535e-05
Feature_320,-4.389448933579843e-05,4.389448933579843e-05
Feature_619,-4.35052921238821e-05,4.35052921238821e-05
Feature_400,-4.345238282439823e-05,4.345238282439823e-05
Feature_490,4.211552287415543e-05,4.211552287415543e-05
Feature_677,4.1964494365061e-05,4.1964494365061e-05
Feature_82,4.1446000459473e-05,4.1446000459473e-05
Feature_944,-4.109006809812854e-05,4.109006809812854e-05
Feature_633,-4.1000001365318896e-05,4.1000001365318896e-05
Feature_768,4.0508262972025475e-05,4.0508262972025475e-05
Feature_680,-4.047468812345301e-05,4.047468812345301e-05
Feature_859,4.004784243988979e-05,4.004784243988979e-05
Feature_12,3.974206666498503e-05,3.974206666498503e-05
Feature_445,3.9505037034359705e-05,3.9505037034359705e-05
Feature_204,3.934070074592455e-05,3.934070074592455e-05
Feature_503,3.907405028797939e-05,3.907405028797939e-05
Feature_585,3.888700073730433e-05,3.888700073730433e-05
Feature_806,3.863492369418964e-05,3.863492369418964e-05
Feature_939,-3.861045006487984e-05,3.861045006487984e-05
Feature_659,3.846891671855701e-05,3.846891671855701e-05
Feature_114,-3.838257270217582e-05,3.838257270217582e-05
Feature_1012,3.8159173309395554e-05,3.8159173309395554e-05
Feature_821,3.7783247244078666e-05,3.7783247244078666e-05
Feature_53,3.757077000045683e-05,3.757077000045683e-05
Feature_479,-3.7485827851924115e-05,3.7485827851924115e-05
Feature_767,3.7428151299536696e-05,3.7428151299536696e-05
Feature_986,-3.692760228886982e-05,3.692760228886982e-05
Feature_669,3.647092184110079e-05,3.647092184110079e-05
Feature_257,3.6259686158928165e-05,3.6259686158928165e-05
Feature_282,3.6256297689760686e-05,3.6256297689760686e-05
Feature_825,3.6236773885320874e-05,3.6236773885320874e-05
Feature_539,-3.5790344554698095e-05,3.5790344554698095e-05
Feature_807,3.539297776228523e-05,3.539297776228523e-05
Feature_299,3.5341713396519483e-05,3.5341713396519483e-05
Feature_941,-3.519710808177479e-05,3.519710808177479e-05
Feature_249,3.516419944276095e-05,3.516419944276095e-05
Feature_650,3.4556953696665e-05,3.4556953696665e-05
Feature_308,-3.3570761838745964e-05,3.3570761838745964e-05
Feature_745,-3.332320535093913e-05,3.332320535093913e-05
Feature_794,-3.323545097373426e-05,3.323545097373426e-05
Feature_265,-3.32043644903024e-05,3.32043644903024e-05
Feature_815,-3.3110670983660384e-05,3.3110670983660384e-05
Feature_293,3.284867573711381e-05,3.284867573711381e-05
Feature_637,-3.2591303970548324e-05,3.2591303970548324e-05
Feature_466,-3.211998719052644e-05,3.211998719052644e-05
Feature_27,3.161958703458367e-05,3.161958703458367e-05
Feature_389,-3.156084712827578e-05,3.156084712827578e-05
Feature_998,-3.035929978977947e-05,3.035929978977947e-05
Feature_270,-3.0342934405780397e-05,3.0342934405780397e-05
Feature_1021,2.913052993335441e-05,2.913052993335441e-05
Feature_281,-2.9106482529641652e-05,2.9106482529641652e-05
Feature_150,-2.909670222834393e-05,2.909670222834393e-05
Feature_374,2.8686194464171423e-05,2.8686194464171423e-05
Feature_1024,-2.8228522787685505e-05,2.8228522787685505e-05
Feature_987,-2.8148148267064244e-05,2.8148148267064244e-05
Feature_92,-2.794445914332755e-05,2.794445914332755e-05
Feature_909,2.7851121467392657e-05,2.7851121467392657e-05
Feature_498,2.7442681312095373e-05,2.7442681312095373e-05
Feature_303,2.7156087571711397e-05,2.7156087571711397e-05
Feature_971,2.6808049142346135e-05,2.6808049142346135e-05
Feature_178,2.6580689154798166e-05,2.6580689154798166e-05
Feature_394,-2.6552080048531933e-05,2.6552080048531933e-05
Feature_238,-2.6224204139566608e-05,2.6224204139566608e-05
Feature_271,2.6052678176711197e-05,2.6052678176711197e-05
Feature_796,2.601047362986719e-05,2.601047362986719e-05
Feature_55,-2.5594886355975177e-05,2.5594886355975177e-05
Feature_253,-2.5390747873643703e-05,2.5390747873643703e-05
Feature_967,-2.515695435931775e-05,2.515695435931775e-05
Feature_774,2.5051588127098513e-05,2.5051588127098513e-05
Feature_76,-2.495360391549184e-05,2.495360391549184e-05
Feature_301,-2.4809565948089583e-05,2.4809565948089583e-05
Feature_575,2.444444500724785e-05,2.444444500724785e-05
Feature_223,2.4217016422198866e-05,2.4217016422198866e-05
Feature_352,-2.357936655243975e-05,2.357936655243975e-05
Feature_1005,-2.322751286556013e-05,2.322751286556013e-05
Feature_190,2.2827502621112218e-05,2.2827502621112218e-05
Feature_13,-2.2723103747921413e-05,2.2723103747921413e-05
Feature_119,2.2685928429382328e-05,2.2685928429382328e-05
Feature_10,2.2461640455730957e-05,2.2461640455730957e-05
Feature_814,2.226124663138762e-05,2.226124663138762e-05
Feature_151,2.2092814579082187e-05,2.2092814579082187e-05
Feature_1015,2.2066439069021726e-05,2.2066439069021726e-05
Feature_212,2.1539116496569476e-05,2.1539116496569476e-05
Feature_579,2.1391808811870305e-05,2.1391808811870305e-05
Feature_511,-2.0717371151022234e-05,2.0717371151022234e-05
Feature_391,2.0481483588810078e-05,2.0481483588810078e-05
Feature_124,-1.9838907646771987e-05,1.9838907646771987e-05
Feature_919,1.969495225011997e-05,1.969495225011997e-05
Feature_912,-1.960445057193283e-05,1.960445057193283e-05
Feature_757,-1.9558223502826877e-05,1.9558223502826877e-05
Feature_893,-1.952777758560842e-05,1.952777758560842e-05
Feature_1004,1.9518729382070887e-05,1.9518729382070887e-05
Feature_349,-1.931885358317231e-05,1.931885358317231e-05
Feature_952,1.9288600669824517e-05,1.9288600669824517e-05
Feature_95,1.9145077835673874e-05,1.9145077835673874e-05
Feature_638,1.847688647103496e-05,1.847688647103496e-05
Feature_108,-1.805335166864097e-05,1.805335166864097e-05
Feature_989,-1.801936012739702e-05,1.801936012739702e-05
Feature_665,-1.767937041222467e-05,1.767937041222467e-05
Feature_1007,1.7662700229266194e-05,1.7662700229266194e-05
Feature_921,1.7535715451231226e-05,1.7535715451231226e-05
Feature_7,-1.7416668124496938e-05,1.7416668124496938e-05
Feature_938,1.700926724879537e-05,1.700926724879537e-05
Feature_28,1.684580547589576e-05,1.684580547589576e-05
Feature_413,1.658207553646207e-05,1.658207553646207e-05
Feature_878,1.6395503480453043e-05,1.6395503480453043e-05
Feature_510,1.618518943359959e-05,1.618518943359959e-05
Feature_419,-1.5905517452665664e-05,1.5905517452665664e-05
Feature_214,-1.5844917088543296e-05,1.5844917088543296e-05
Feature_383,-1.5451059443876147e-05,1.5451059443876147e-05
Feature_70,-1.5149911359912948e-05,1.5149911359912948e-05
Feature_833,1.4936234656488523e-05,1.4936234656488523e-05
Feature_264,1.4853659167783918e-05,1.4853659167783918e-05
Feature_266,-1.4347461913075677e-05,1.4347461913075677e-05
Feature_840,-1.4232552466637571e-05,1.4232552466637571e-05
Feature_412,1.4189154135237914e-05,1.4189154135237914e-05
Feature_309,-1.4111362070252653e-05,1.4111362070252653e-05
Feature_77,1.401967372657964e-05,1.401967372657964e-05
Feature_245,1.3493223775071784e-05,1.3493223775071784e-05
Feature_913,-1.3443332159113197e-05,1.3443332159113197e-05
Feature_156,1.3270022313918162e-05,1.3270022313918162e-05
Feature_472,-1.3076741597615182e-05,1.3076741597615182e-05
Feature_117,-1.3012396018439175e-05,1.3012396018439175e-05
Feature_67,1.2674324243562297e-05,1.2674324243562297e-05
Feature_181,1.2360450855339877e-05,1.2360450855339877e-05
Feature_17,-1.206916165756411e-05,1.206916165756411e-05
Feature_411,-1.1988095939159394e-05,1.1988095939159394e-05
Feature_1019,-1.1413580250518861e-05,1.1413580250518861e-05
Feature_458,-1.1257994347033672e-05,1.1257994347033672e-05
Feature_788,-1.0898549808189273e-05,1.0898549808189273e-05
Feature_57,1.0829183183886926e-05,1.0829183183886926e-05
Feature_139,1.0546413655561082e-05,1.0546413655561082e-05
Feature_670,-1.0530861763982103e-05,1.0530861763982103e-05
Feature_261,-1.0509259736863896e-05,1.0509259736863896e-05
Feature_160,1.047193909471389e-05,1.047193909471389e-05
Feature_879,-1.0244193676953727e-05,1.0244193676953727e-05
Feature_384,1.0054233944174485e-05,1.0054233944174485e-05
Feature_319,-9.621480014629924e-06,9.621480014629924e-06
Feature_537,9.5850975412759e-06,9.5850975412759e-06
Feature_428,-9.276454202336026e-06,9.276454202336026e-06
Feature_436,9.164683037852228e-06,9.164683037852228e-06
Feature_527,8.8395305033373e-06,8.8395305033373e-06
Feature_397,8.764456151766353e-06,8.764456151766353e-06
Feature_89,-8.255385255324654e-06,8.255385255324654e-06
Feature_544,8.144401308527449e-06,8.144401308527449e-06
Feature_450,-7.853552015149034e-06,7.853552015149034e-06
Feature_174,-7.845015261409571e-06,7.845015261409571e-06
Feature_207,-7.765777754684677e-06,7.765777754684677e-06
Feature_658,7.619047537446022e-06,7.619047537446022e-06
Feature_173,7.506650144932792e-06,7.506650144932792e-06
Feature_443,-7.402304308925523e-06,7.402304308925523e-06
Feature_749,-7.373536836894346e-06,7.373536836894346e-06
Feature_858,-7.04762071109144e-06,7.04762071109144e-06
Feature_399,7.036833048914559e-06,7.036833048914559e-06
Feature_229,-6.257177965949268e-06,6.257177965949268e-06
Feature_890,5.800264780191356e-06,5.800264780191356e-06
Feature_332,-5.602795718004927e-06,5.602795718004927e-06
Feature_871,-5.317460436344845e-06,5.317460436344845e-06
Feature_783,5.212060959820519e-06,5.212060959820519e-06
Feature_958,5.187389042475843e-06,5.187389042475843e-06
Feature_373,-4.968253924744204e-06,4.968253924744204e-06
Feature_857,4.8716182459429544e-06,4.8716182459429544e-06
Feature_860,-4.691799422289477e-06,4.691799422289477e-06
Feature_385,4.473556209632079e-06,4.473556209632079e-06
Feature_881,4.039867119445261e-06,4.039867119445261e-06
Feature_506,3.849206977974973e-06,3.849206977974973e-06
Feature_683,3.7830692326679126e-06,3.7830692326679126e-06
Feature_852,3.679995752463583e-06,3.679995752463583e-06
Feature_848,-3.0191801488399507e-06,3.0191801488399507e-06
Feature_614,-2.7744713588617742e-06,2.7744713588617742e-06
Feature_830,-2.639798832433371e-06,2.639798832433371e-06
Feature_577,2.6206513211946004e-06,2.6206513211946004e-06
Feature_258,2.4813659638311947e-06,2.4813659638311947e-06
Feature_720,-2.195767119701486e-06,2.195767119701486e-06
Feature_610,2.0395569345055264e-06,2.0395569345055264e-06
Feature_442,-2.0067313153049327e-06,2.0067313153049327e-06
Feature_348,-1.9723152536244017e-06,1.9723152536244017e-06
Feature_819,-1.805555511964485e-06,1.805555511964485e-06
Feature_335,1.6666667943354696e-06,1.6666667943354696e-06
Feature_409,1.5694445119152078e-06,1.5694445119152078e-06
Feature_244,-1.1772484413086205e-06,1.1772484413086205e-06
Feature_381,9.854213794824317e-07,9.854213794824317e-07
Feature_560,8.697088924236596e-07,8.697088924236596e-07
Feature_598,6.211821619217517e-07,6.211821619217517e-07
Feature_978,-5.674604017258389e-07,5.674604017258389e-07
Feature_97,-5.065507502877153e-07,5.065507502877153e-07
Feature_170,3.699302942550275e-07,3.699302942550275e-07
Feature_31,0.0,0.0
Feature_983,0.0,0.0
Feature_980,0.0,0.0
Feature_1,0.0,0.0
Feature_3,0.0,0.0
Feature_687,0.0,0.0
Feature_98,0.0,0.0
Feature_99,0.0,0.0
Feature_664,0.0,0.0
Feature_666,0.0,0.0
Feature_29,0.0,0.0
Feature_396,0.0,0.0
Feature_398,0.0,0.0
Feature_401,0.0,0.0
Feature_18,0.0,0.0
Feature_1017,0.0,0.0
Feature_1022,0.0,0.0
Feature_116,0.0,0.0
Feature_121,0.0,0.0
Feature_23,0.0,0.0
Feature_1008,0.0,0.0
Feature_583,0.0,0.0
Feature_591,0.0,0.0
Feature_197,0.0,0.0
Feature_199,0.0,0.0
Feature_200,0.0,0.0
Feature_392,0.0,0.0
Feature_206,0.0,0.0
Feature_779,0.0,0.0
Feature_553,0.0,0.0
Feature_554,0.0,0.0
Feature_555,0.0,0.0
Feature_69,0.0,0.0
Feature_287,0.0,0.0
Feature_288,0.0,0.0
Feature_291,0.0,0.0
Feature_292,0.0,0.0
Feature_294,0.0,0.0
Feature_300,0.0,0.0
Feature_49,0.0,0.0
Feature_56,0.0,0.0
Feature_58,0.0,0.0
Feature_62,0.0,0.0
Feature_771,0.0,0.0
Feature_776,0.0,0.0
Feature_573,0.0,0.0
Feature_561,0.0,0.0
Feature_564,0.0,0.0
Feature_567,0.0,0.0
Feature_570,0.0,0.0
Feature_784,0.0,0.0
Feature_789,0.0,0.0
Feature_543,0.0,0.0
Feature_545,0.0,0.0
Feature_304,0.0,0.0
Feature_307,0.0,0.0
Feature_313,0.0,0.0
Feature_526,0.0,0.0
Feature_530,0.0,0.0
Feature_533,0.0,0.0
Feature_534,0.0,0.0
Feature_535,0.0,0.0
Feature_540,0.0,0.0
Feature_542,0.0,0.0
Feature_818,0.0,0.0
Feature_822,0.0,0.0
Feature_824,0.0,0.0
Feature_835,0.0,0.0
Feature_618,0.0,0.0
Feature_620,0.0,0.0
Feature_621,0.0,0.0
Feature_599,0.0,0.0
Feature_602,0.0,0.0
Feature_604,0.0,0.0
Feature_605,0.0,0.0
Feature_747,0.0,0.0
Feature_753,0.0,0.0
Feature_756,0.0,0.0
Feature_762,0.0,0.0
Feature_68,0.0,0.0
Feature_183,0.0,0.0
Feature_184,0.0,0.0
Feature_188,0.0,0.0
Feature_194,0.0,0.0
Feature_195,0.0,0.0
Feature_196,0.0,0.0
Feature_841,0.0,0.0
Feature_505,0.0,0.0
Feature_507,0.0,0.0
Feature_514,0.0,0.0
Feature_205,0.0,0.0
Feature_518,0.0,0.0
Feature_519,0.0,0.0
Feature_849,0.0,0.0
Feature_520,0.0,0.0
Feature_855,0.0,0.0
Feature_862,0.0,0.0
Feature_863,0.0,0.0
Feature_850,0.0,0.0
Feature_33,0.0,0.0
Feature_36,0.0,0.0
Feature_39,0.0,0.0
Feature_164,0.0,0.0
Feature_177,0.0,0.0
Feature_41,0.0,0.0
Feature_44,0.0,0.0
Feature_322,0.0,0.0
Feature_324,0.0,0.0
Feature_331,0.0,0.0
Feature_337,0.0,0.0
Feature_338,0.0,0.0
Feature_496,0.0,0.0
Feature_497,0.0,0.0
Feature_500,0.0,0.0
Feature_106,0.0,0.0
Feature_107,0.0,0.0
Feature_110,0.0,0.0
Feature_280,0.0,0.0
Feature_723,0.0,0.0
Feature_728,0.0,0.0
Feature_734,0.0,0.0
Feature_735,0.0,0.0
Feature_736,0.0,0.0
Feature_218,0.0,0.0
Feature_613,0.0,0.0
Feature_616,0.0,0.0
Feature_617,0.0,0.0
Feature_45,0.0,0.0
Feature_866,0.0,0.0
Feature_868,0.0,0.0
Feature_870,0.0,0.0
Feature_874,0.0,0.0
Feature_877,0.0,0.0
Feature_880,0.0,0.0
Feature_885,0.0,0.0
Feature_468,0.0,0.0
Feature_469,0.0,0.0
Feature_476,0.0,0.0
Feature_486,0.0,0.0
Feature_488,0.0,0.0
Feature_895,0.0,0.0
Feature_901,0.0,0.0
Feature_902,0.0,0.0
Feature_908,0.0,0.0
Feature_910,0.0,0.0
Feature_454,0.0,0.0
Feature_455,0.0,0.0
Feature_460,0.0,0.0
Feature_341,0.0,0.0
Feature_345,0.0,0.0
Feature_350,0.0,0.0
Feature_462,0.0,0.0
Feature_463,0.0,0.0
Feature_142,0.0,0.0
Feature_149,0.0,0.0
Feature_152,0.0,0.0
Feature_153,0.0,0.0
Feature_154,0.0,0.0
Feature_439,0.0,0.0
Feature_357,0.0,0.0
Feature_360,0.0,0.0
Feature_366,0.0,0.0
Feature_371,0.0,0.0
Feature_444,0.0,0.0
Feature_451,0.0,0.0
Feature_920,0.0,0.0
Feature_924,0.0,0.0
Feature_929,0.0,0.0
Feature_934,0.0,0.0
Feature_937,0.0,0.0
Feature_942,0.0,0.0
Feature_422,0.0,0.0
Feature_425,0.0,0.0
Feature_426,0.0,0.0
Feature_432,0.0,0.0
Feature_646,0.0,0.0
Feature_649,0.0,0.0
Feature_656,0.0,0.0
Feature_662,0.0,0.0
Feature_707,0.0,0.0
Feature_708,0.0,0.0
Feature_709,0.0,0.0
Feature_710,0.0,0.0
Feature_235,0.0,0.0
Feature_240,0.0,0.0
Feature_632,0.0,0.0
Feature_634,0.0,0.0
Feature_636,0.0,0.0
Feature_123,0.0,0.0
Feature_128,0.0,0.0
Feature_133,0.0,0.0
Feature_138,0.0,0.0
Feature_950,0.0,0.0
Feature_410,0.0,0.0
Feature_414,0.0,0.0
Feature_86,0.0,0.0
Feature_87,0.0,0.0
Feature_94,0.0,0.0
Feature_678,0.0,0.0
Feature_679,0.0,0.0
Feature_681,0.0,0.0
Feature_682,0.0,0.0
Feature_686,0.0,0.0
Feature_698,0.0,0.0
Feature_706,0.0,0.0
Feature_248,0.0,0.0
Feature_255,0.0,0.0
Feature_259,0.0,0.0
Feature_639,0.0,0.0
Feature_644,0.0,0.0
Feature_405,0.0,0.0
Feature_372,0.0,0.0
Feature_375,0.0,0.0
Feature_954,0.0,0.0
Feature_960,0.0,0.0
Feature_964,0.0,0.0
Feature_973,0.0,0.0
Feature_1000,0.0,0.0
Feature_1001,0.0,0.0
