feature,importance
Feature_625,0.01031926972847058
Feature_725,0.009372889567277337
Feature_136,0.008835305512652734
Feature_657,0.007172442781314618
Feature_882,0.0067432857735867
Feature_927,0.0067205601662779
Feature_457,0.006666924614063294
Feature_326,0.006515758874168643
Feature_213,0.006354407662989517
Feature_936,0.00569841010796297
Feature_914,0.0051044204712755465
Feature_715,0.004816775050654252
Feature_65,0.00450645932465464
Feature_1020,0.0045039765209982366
Feature_485,0.004355000903126968
Feature_576,0.0043225995409417566
Feature_504,0.004223877564481508
Feature_434,0.004127011081206031
Feature_315,0.004120829500609204
Feature_959,0.004101569570947321
Feature_574,0.004100060187433219
Feature_876,0.004055628830865916
Feature_733,0.003971105251177117
Feature_674,0.003923569263884846
Feature_790,0.003865626997966333
Feature_198,0.0038458025883291586
Feature_353,0.0038218409590558295
Feature_808,0.0037898132610951272
Feature_148,0.0036767208656790337
Feature_742,0.0036630681372573364
Feature_894,0.003583776709615556
Feature_593,0.0035390281536945255
Feature_587,0.0033770909196693417
Feature_91,0.00337026733197358
Feature_16,0.003177657080804524
Feature_390,0.003074008937502016
Feature_129,0.003053268325783962
Feature_221,0.003027569520420234
Feature_766,0.0030105416649137645
Feature_817,0.0029893497721454345
Feature_122,0.0029571416528382153
Feature_581,0.002919460255119284
Feature_696,0.0029130959612841513
Feature_785,0.00291166611403127
Feature_916,0.0028977449876360704
Feature_336,0.0028957749654772045
Feature_306,0.0028851071859947288
Feature_651,0.0028824270080521274
Feature_2,0.0028661700339292777
Feature_803,0.002856127488406709
Feature_120,0.002834311223283048
Feature_161,0.002832206941735901
Feature_236,0.002821256957207218
Feature_668,0.002762365850435952
Feature_977,0.0027609578576504247
Feature_284,0.0027289311999435764
Feature_4,0.002663552129133327
Feature_302,0.0026351834617940216
Feature_125,0.0026281324707028266
Feature_714,0.0026025529106497407
Feature_430,0.002595776178496964
Feature_607,0.0025766315288274703
Feature_103,0.0025760315542436986
Feature_524,0.002574724126761527
Feature_660,0.0025743061730481203
Feature_740,0.0025691406248279434
Feature_34,0.0025651398479205035
Feature_382,0.0025558332174217074
Feature_699,0.0025414762587829304
Feature_379,0.0025330834513227892
Feature_719,0.002516606050906918
Feature_513,0.002492529668781966
Feature_595,0.002481517817868915
Feature_994,0.0024801963237784503
Feature_408,0.0024589923706525196
Feature_176,0.002455319710010348
Feature_856,0.0024515622852269055
Feature_295,0.0024451820017442525
Feature_832,0.0024426657815878137
Feature_565,0.0024033856239073716
Feature_166,0.002387504633942441
Feature_90,0.0023864592284974996
Feature_220,0.0023801626879613475
Feature_562,0.002378860671830113
Feature_81,0.0023421625511782264
Feature_471,0.0023166657831867822
Feature_563,0.0022984126509560288
Feature_731,0.002258352811809915
Feature_641,0.002213271368756451
Feature_217,0.002210335821858559
Feature_988,0.002199164462613942
Feature_768,0.00215902664041438
Feature_269,0.0021548657000762536
Feature_888,0.0021488396758881467
Feature_487,0.002145471917276481
Feature_700,0.002137275840593612
Feature_795,0.0021140350334938893
Feature_327,0.0021130914002689743
Feature_334,0.002103071213033424
Feature_78,0.002102871378590834
Feature_865,0.0021001659702146735
Feature_193,0.0020993024485072035
Feature_323,0.0020872936543136285
Feature_654,0.0020858651332387994
Feature_905,0.0020733075518793403
Feature_43,0.0020711638343001576
Feature_272,0.0020561923229769088
Feature_550,0.0020561021228758585
Feature_947,0.0020536000464264907
Feature_285,0.0020360800146840188
Feature_842,0.0020058217942585527
Feature_689,0.001999570674284928
Feature_889,0.0019994683156849607
Feature_37,0.001999444516974015
Feature_51,0.001991141163493423
Feature_515,0.0019736458923758408
Feature_429,0.0019590091517724738
Feature_813,0.001956970262915221
Feature_807,0.0019422558299102381
Feature_829,0.0019390018143956118
Feature_250,0.0019239737903282306
Feature_624,0.0019118069867959293
Feature_1009,0.0018912546959920984
Feature_799,0.001885776331063602
Feature_953,0.001885701484289796
Feature_367,0.0018852633498783618
Feature_5,0.0018798460626791712
Feature_997,0.0018787040673845545
Feature_447,0.0018763591959829581
Feature_726,0.0018644550850019177
Feature_311,0.0018506311689273935
Feature_931,0.0018492623439711694
Feature_141,0.0018405160043822484
Feature_362,0.0018395648439443512
Feature_96,0.0018377479065021915
Feature_986,0.0018330070541945679
Feature_800,0.001830669083366112
Feature_493,0.0018260994834448836
Feature_351,0.0018248031740829996
Feature_61,0.0018245494990340643
Feature_75,0.001823650071133488
Feature_780,0.0018174917797278574
Feature_137,0.0018174271437742062
Feature_975,0.001805969729928418
Feature_342,0.0017889005086412528
Feature_329,0.0017765063739084038
Feature_642,0.0017755869122832379
Feature_933,0.0017721036842760617
Feature_623,0.0017709807165694606
Feature_46,0.0017685840502230953
Feature_290,0.001767688645463806
Feature_387,0.0017513398212704694
Feature_884,0.0017507795084718753
Feature_588,0.001749502297604586
Feature_368,0.0017373500415732719
Feature_737,0.0017360973151219724
Feature_238,0.0017217630524893079
Feature_208,0.0017122667006408787
Feature_453,0.0017026615835445031
Feature_14,0.0016873863200420531
Feature_869,0.0016799916798888419
Feature_459,0.0016789076740524804
Feature_961,0.0016647290577420937
Feature_571,0.0016647160976656441
Feature_376,0.0016635928225964844
Feature_887,0.0016517763721574186
Feature_512,0.0016487109538035512
Feature_759,0.0016449382078149023
Feature_729,0.001637084041194333
Feature_897,0.0016320602682396365
Feature_962,0.0016281035643140322
Feature_782,0.0016273410266103953
Feature_275,0.001606580734435546
Feature_685,0.0015909676699716944
Feature_792,0.0015808083663919714
Feature_47,0.0015595171896508123
Feature_552,0.0015575105598688071
Feature_985,0.00155338821982088
Feature_276,0.0015491425087306961
Feature_407,0.0015435152107149896
Feature_113,0.0015378389049690569
Feature_232,0.0015345470955550938
Feature_844,0.001528430932349601
Feature_139,0.0015258397785409704
Feature_223,0.001525320103828766
Feature_982,0.0015252951832451912
Feature_361,0.0015216236910447986
Feature_74,0.0015169060621673584
Feature_516,0.001514279547057347
Feature_746,0.0015107853551210705
Feature_853,0.0015019566262277997
Feature_695,0.0015001268736093314
Feature_891,0.0014926237009808508
Feature_765,0.0014923475147350406
Feature_93,0.0014832693076468975
Feature_805,0.0014812383703643396
Feature_843,0.001480564572192469
Feature_1011,0.0014712722896970158
Feature_917,0.0014687172744805015
Feature_837,0.0014665607238120092
Feature_424,0.00145740936208827
Feature_620,0.001457168466326121
Feature_974,0.001454606048493148
Feature_402,0.0014500325864407124
Feature_981,0.0014453458694182121
Feature_488,0.0014420945485518787
Feature_928,0.001431465550700605
Feature_673,0.0014199191824506353
Feature_257,0.0014191814474886696
Feature_393,0.0014175955610805449
Feature_215,0.001415453983413682
Feature_143,0.001414862596017883
Feature_802,0.0014088021535922021
Feature_179,0.0014035019271203737
Feature_793,0.0014033446133384275
Feature_681,0.0014031509000287685
Feature_256,0.0013986639882870812
Feature_463,0.0013970021059293491
Feature_85,0.0013960592975792488
Feature_995,0.0013874898494464106
Feature_9,0.001383868375576707
Feature_111,0.001378645786038663
Feature_274,0.001378031628422502
Feature_810,0.0013741452773308115
Feature_15,0.0013675778714332732
Feature_234,0.0013576262732524717
Feature_59,0.0013567746943641363
Feature_739,0.0013513698612802434
Feature_474,0.0013420076449553381
Feature_979,0.001339896355162703
Feature_846,0.001325421648322869
Feature_115,0.001325309983276686
Feature_755,0.0013172604838964203
Feature_343,0.0013082966554333274
Feature_579,0.0013074929331119013
Feature_273,0.0013069850146428294
Feature_421,0.0013042074508837877
Feature_8,0.0013014665578463217
Feature_727,0.0012962928794714714
Feature_836,0.001295280829866175
Feature_561,0.001292056414181897
Feature_339,0.0012913155303134302
Feature_558,0.0012867082399274107
Feature_448,0.0012853680122776978
Feature_140,0.0012770202799248346
Feature_716,0.0012732562823415266
Feature_693,0.0012717483934643484
Feature_676,0.0012700582068689973
Feature_925,0.0012648864447896483
Feature_839,0.001260221966834571
Feature_957,0.0012519737582925728
Feature_219,0.0012504995248187696
Feature_320,0.0012490262308830307
Feature_222,0.001230754409038973
Feature_586,0.0012305179319438446
Feature_732,0.0012249518882192993
Feature_791,0.001223311726024652
Feature_251,0.001214092254593467
Feature_204,0.00120812088707888
Feature_722,0.0012059126315518583
Feature_406,0.0012056341539272474
Feature_118,0.001204895843256671
Feature_127,0.001201526141062615
Feature_663,0.0012012387991509137
Feature_95,0.00119945761194714
Feature_395,0.0011928789604127167
Feature_1010,0.0011915430966217182
Feature_321,0.0011804277159953335
Feature_146,0.0011785154883048933
Feature_192,0.0011779019875536175
Feature_88,0.0011750619104489643
Feature_688,0.0011733943262458473
Feature_135,0.001172631673478778
Feature_650,0.001170247698525761
Feature_119,0.001167133183612377
Feature_237,0.0011647008781363424
Feature_355,0.001162890368517606
Feature_854,0.0011605405710442857
Feature_667,0.0011531402493657264
Feature_976,0.00115259988832828
Feature_640,0.001148857381359786
Feature_132,0.0011434209718897174
Feature_899,0.0011422598806198933
Feature_35,0.001141769117548994
Feature_738,0.0011414850320972886
Feature_758,0.0011402900900100012
Feature_64,0.0011391777988042518
Feature_706,0.0011377611184539955
Feature_748,0.001135589600135079
Feature_145,0.0011325702476236957
Feature_773,0.0011313923597498724
Feature_394,0.0011287530496670649
Feature_584,0.0011269631197019223
Feature_105,0.0011230057050417097
Feature_365,0.001111462721929833
Feature_126,0.001110601261365535
Feature_626,0.0011077547375191296
Feature_428,0.0010976318561238775
Feature_464,0.0010965006052492722
Feature_54,0.001096305126939655
Feature_557,0.0010941004305484565
Feature_42,0.0010928068159421968
Feature_845,0.0010900175729684676
Feature_816,0.0010883114950785212
Feature_750,0.0010869001632298953
Feature_754,0.001086089677226515
Feature_6,0.001085458978803376
Feature_185,0.0010819176705044178
Feature_671,0.0010778323211161403
Feature_787,0.001076606695055889
Feature_242,0.0010739449355820123
Feature_955,0.0010693763172937734
Feature_20,0.0010675148497639763
Feature_26,0.0010661796933930723
Feature_566,0.0010652889969115925
Feature_929,0.0010638255801228992
Feature_437,0.0010625898126981558
Feature_653,0.001062369226817832
Feature_134,0.0010603708943382022
Feature_741,0.0010591912535813251
Feature_172,0.001055164511857154
Feature_1018,0.0010509216041845995
Feature_481,0.0010467646896430787
Feature_701,0.001044421211256996
Feature_786,0.0010444128409672349
Feature_100,0.0010435368372830026
Feature_972,0.0010395922554225858
Feature_369,0.0010390720753432419
Feature_22,0.0010379768985412851
Feature_611,0.0010369257144404913
Feature_328,0.0010285264766215225
Feature_968,0.0010283211444879763
Feature_442,0.0010282102386605645
Feature_801,0.00102610170204841
Feature_378,0.001020332576747326
Feature_745,0.001019227355794484
Feature_597,0.0010157930830267292
Feature_241,0.0010146026007042653
Feature_830,0.0010090779841727259
Feature_180,0.0010082228895640167
Feature_559,0.001004390726675276
Feature_904,0.0010024421946374796
Feature_262,0.0010019410030905336
Feature_227,0.0010015866622880166
Feature_675,0.0009990966225213302
Feature_495,0.0009982053339309817
Feature_456,0.0009949999071121336
Feature_296,0.0009946628354991981
Feature_249,0.000993784125630283
Feature_152,0.0009828534187946542
Feature_949,0.00098169695773809
Feature_713,0.0009740090470444142
Feature_484,0.0009739547434912713
Feature_449,0.0009687443387604452
Feature_647,0.0009687330573062126
Feature_211,0.0009662178434782072
Feature_201,0.0009612028306755369
Feature_114,0.0009589815247274425
Feature_690,0.0009525503442684931
Feature_117,0.000951441720118288
Feature_165,0.0009497354620718923
Feature_388,0.0009491405750161467
Feature_518,0.0009490476338340377
Feature_951,0.0009480993778060856
Feature_549,0.0009473742932581353
Feature_760,0.0009445328994029847
Feature_11,0.0009435539684441626
Feature_80,0.0009365986725659686
Feature_286,0.0009359037104438265
Feature_427,0.0009353748461435825
Feature_999,0.0009323628036297199
Feature_210,0.0009309249182007727
Feature_356,0.0009304697787579631
Feature_317,0.0009290192014401774
Feature_298,0.0009275258668508189
Feature_225,0.0009259372524333748
Feature_465,0.0009241341916198918
Feature_831,0.0009221883567576017
Feature_25,0.0009216603277644549
Feature_870,0.0009211197532536327
Feature_446,0.0009195948916571926
Feature_194,0.0009165852605539256
Feature_131,0.000914298432599351
Feature_883,0.0009105296638642087
Feature_963,0.0009091272609631896
Feature_417,0.0009049107620016911
Feature_594,0.0009029002197566544
Feature_694,0.0009004721962544978
Feature_1015,0.0009002646740773013
Feature_310,0.0008958312796142161
Feature_998,0.0008938130094826824
Feature_781,0.0008866953933924399
Feature_491,0.0008802930798199683
Feature_92,0.0008754297289659515
Feature_364,0.0008726211753031141
Feature_147,0.0008718478830699018
Feature_1003,0.0008716195294703238
Feature_857,0.0008698111747801906
Feature_475,0.0008675295993389944
Feature_478,0.0008610301206741457
Feature_691,0.0008610172941973479
Feature_724,0.0008604902007511358
Feature_922,0.0008564652877184559
Feature_372,0.0008519620008106318
Feature_228,0.0008519167107155199
Feature_930,0.0008511149053318213
Feature_804,0.0008507052891280028
Feature_896,0.0008499111417880342
Feature_252,0.0008485413565532653
Feature_60,0.000847869462684655
Feature_541,0.0008446528303363928
Feature_601,0.0008434829486397077
Feature_751,0.00084139240588062
Feature_499,0.0008407600488956079
Feature_877,0.0008395966512278506
Feature_592,0.0008339985359948586
Feature_855,0.0008311990685323802
Feature_163,0.0008295463763286392
Feature_811,0.0008295106226707798
Feature_918,0.0008293040430624062
Feature_873,0.0008259219489489961
Feature_314,0.0008253323261516902
Feature_941,0.0008232458425202733
Feature_182,0.0008231201311063009
Feature_531,0.0008198857770655896
Feature_547,0.0008189199336491357
Feature_267,0.0008186559629677047
Feature_778,0.0008184394805624415
Feature_551,0.0008154007232783374
Feature_243,0.0008151426984519431
Feature_305,0.0008116707920003
Feature_990,0.0008016953696355743
Feature_492,0.0007992295616870499
Feature_325,0.0007988767190601158
Feature_704,0.0007979928224401536
Feature_289,0.0007974896155864752
Feature_834,0.0007919392794649285
Feature_230,0.0007897809439219812
Feature_247,0.0007886721490126249
Feature_827,0.0007877541899699536
Feature_503,0.0007872110791597607
Feature_833,0.0007864073367079366
Feature_652,0.0007842470452751632
Feature_522,0.0007802593626164156
Feature_246,0.000775543752346156
Feature_996,0.0007753437875839288
Feature_116,0.0007719484229786457
Feature_319,0.0007716979385983509
Feature_578,0.0007647122562472975
Feature_879,0.0007631053068737616
Feature_462,0.0007595960843329269
Feature_898,0.00075315894820312
Feature_68,0.0007526374490918291
Feature_580,0.0007502107304427258
Feature_432,0.0007495919436792296
Feature_473,0.0007491847395909785
Feature_1016,0.0007490503952810916
Feature_570,0.0007469291760015816
Feature_589,0.000746635327852212
Feature_703,0.0007423934598406155
Feature_32,0.0007388264174534631
Feature_717,0.0007380877649354842
Feature_458,0.0007373693626561284
Feature_678,0.0007356074223610268
Feature_501,0.0007350702933778108
Feature_189,0.0007314346041064733
Feature_452,0.000729786327295412
Feature_330,0.0007278015164386121
Feature_158,0.0007259898765387241
Feature_3,0.0007257677466980611
Feature_874,0.00072493938358448
Feature_814,0.0007244268322285249
Feature_900,0.0007242223778372471
Feature_940,0.0007234781232548707
Feature_932,0.0007229305049804139
Feature_461,0.0007229074042160151
Feature_509,0.0007221979591558568
Feature_529,0.0007192100968028218
Feature_423,0.000718735001258524
Feature_984,0.0007179273206491819
Feature_203,0.0007168366354614023
Feature_477,0.0007142479470886791
Feature_826,0.0007131149285221429
Feature_608,0.0007126826431138628
Feature_224,0.0007114544245412856
Feature_861,0.0007049982941873319
Feature_254,0.0007038520800673334
Feature_629,0.000699604429573571
Feature_599,0.0006979702242553801
Feature_440,0.0006957728146877265
Feature_721,0.0006937383005913299
Feature_945,0.0006930024785076667
Feature_885,0.0006907661838179061
Feature_271,0.0006877173165736937
Feature_30,0.0006861318359797558
Feature_923,0.0006858642280750346
Feature_233,0.000684544997746899
Feature_418,0.0006776867573187879
Feature_159,0.000677629650614119
Feature_445,0.0006745834631941882
Feature_266,0.0006721692618640462
Feature_858,0.0006693892591431601
Feature_226,0.0006682498157936654
Feature_775,0.0006679085934307503
Feature_467,0.0006667511958853583
Feature_665,0.0006667459261962723
Feature_239,0.0006658119473161491
Feature_196,0.0006649353711746711
Feature_956,0.0006625637000883422
Feature_107,0.0006604086623879532
Feature_756,0.0006599938137082473
Feature_167,0.000658970156905008
Feature_231,0.0006586161473122533
Feature_772,0.000658114090919722
Feature_909,0.0006577958601117234
Feature_66,0.0006576682991762272
Feature_912,0.0006511080912150503
Feature_73,0.0006502037036889653
Feature_173,0.0006493193089058852
Feature_993,0.0006491356542601301
Feature_399,0.0006487557157287051
Feature_441,0.0006473469871623532
Feature_892,0.0006468536448483831
Feature_1014,0.0006456036030869673
Feature_1006,0.0006454470788254378
Feature_358,0.0006447101116947404
Feature_867,0.0006426706992861418
Feature_277,0.0006406715517130467
Feature_710,0.0006405428348975965
Feature_967,0.0006401350331171773
Feature_919,0.0006395266351302417
Feature_970,0.0006327826237456201
Feature_431,0.0006297379350981603
Feature_752,0.0006294557450749648
Feature_944,0.000627356514473784
Feature_253,0.0006259204445235203
Feature_150,0.0006255108908012443
Feature_698,0.0006229488284709681
Feature_438,0.0006227074195419666
Feature_381,0.0006214250318556453
Feature_911,0.000620749200270753
Feature_24,0.0006199832864956862
Feature_926,0.0006197424925479296
Feature_426,0.0006192070982144485
Feature_1013,0.0006190177860283149
Feature_769,0.0006180412873667968
Feature_639,0.000617676331380936
Feature_692,0.0006173052585483511
Feature_420,0.0006170562451040033
Feature_605,0.0006167579122551071
Feature_1008,0.0006144092330856561
Feature_186,0.0006130821787704737
Feature_84,0.000611648391972061
Feature_144,0.0006068894049289553
Feature_263,0.0006067883037319537
Feature_835,0.0006054607808840426
Feature_655,0.0006044885131430007
Feature_255,0.0006033993685830722
Feature_370,0.000601663040566911
Feature_991,0.0005995978468751491
Feature_123,0.0005992838994607425
Feature_53,0.0005982781311198897
Feature_404,0.0005970726138047862
Feature_764,0.0005960458843869189
Feature_202,0.0005941292070772228
Feature_1012,0.0005932852623806092
Feature_494,0.0005927397302536013
Feature_282,0.0005913619006619008
Feature_517,0.0005912841788717829
Feature_346,0.0005908067570140266
Feature_604,0.0005898610205344945
Feature_815,0.0005886415816717315
Feature_102,0.0005878898914337873
Feature_730,0.0005860465058355832
Feature_101,0.000584837228204547
Feature_743,0.0005837043356759546
Feature_318,0.0005829042281720205
Feature_410,0.0005824078528890262
Feature_744,0.0005802940158076505
Feature_906,0.0005802922682226142
Feature_532,0.0005752134568259158
Feature_684,0.0005744525288502667
Feature_618,0.0005733101343533912
Feature_528,0.0005715933421322101
Feature_709,0.0005701413322656218
Feature_680,0.0005692660841796898
Feature_155,0.0005691761080974394
Feature_520,0.0005690914505420532
Feature_948,0.0005684041278264743
Feature_519,0.0005649068078389922
Feature_347,0.0005563485952567832
Feature_735,0.000553666429412278
Feature_414,0.0005527711945082115
Feature_872,0.00054994731256255
Feature_157,0.000549672235365539
Feature_548,0.0005494152214905887
Feature_27,0.0005488813542368942
Feature_582,0.0005488475600240937
Feature_19,0.0005481489797056012
Feature_187,0.0005453685687710108
Feature_264,0.0005445660709913244
Feature_569,0.0005416858544981334
Feature_824,0.0005414982141354806
Feature_386,0.0005412961795579934
Feature_525,0.0005402984067773952
Feature_627,0.0005402416951402172
Feature_312,0.0005386232643976326
Feature_109,0.0005378414056500156
Feature_333,0.0005317695691366354
Feature_966,0.0005306992361436983
Feature_821,0.0005305951520581353
Feature_490,0.000527520209906474
Feature_886,0.0005268385257561269
Feature_770,0.0005260333750118428
Feature_316,0.0005254651001708583
Feature_69,0.0005233885986478331
Feature_297,0.0005223240559655906
Feature_50,0.0005174391964759772
Feature_466,0.0005146637537731092
Feature_938,0.0005133608711187134
Feature_875,0.0005132048572959094
Feature_637,0.0005128354522641064
Feature_482,0.000511854576938451
Feature_712,0.0005110995700905717
Feature_600,0.0005092128285107133
Feature_958,0.0005089329396146862
Feature_946,0.0005087142539119297
Feature_260,0.0005086452035274134
Feature_278,0.0005085217146921616
Feature_851,0.0005085155003897164
Feature_636,0.0005076804406479339
Feature_915,0.0005074141360371416
Feature_191,0.0005073944121822518
Feature_483,0.000507367362166842
Feature_603,0.0005070000122466666
Feature_598,0.0005049768226597343
Feature_788,0.0005042266990275355
Feature_293,0.0005041909270973438
Feature_543,0.0005033377686104352
Feature_130,0.0004999313811219221
Feature_299,0.0004989330629855413
Feature_590,0.0004976026055249068
Feature_375,0.0004949851187323463
Feature_294,0.0004943497427241588
Feature_907,0.0004943135609868088
Feature_913,0.0004939449875810455
Feature_216,0.0004883190869825246
Feature_630,0.0004877584580822613
Feature_796,0.00048773509250724936
Feature_55,0.0004853473995035739
Feature_847,0.00048162881760774535
Feature_596,0.00048150520945938573
Feature_615,0.000480440761737054
Feature_349,0.00047485442544291536
Feature_153,0.0004700294091486329
Feature_553,0.00046614226812121974
Feature_283,0.00046594811736964985
Feature_901,0.00046217928649869554
Feature_344,0.0004597779226572913
Feature_71,0.00045975349639012814
Feature_507,0.000457877869258349
Feature_631,0.000454220285402026
Feature_104,0.00045400914156721206
Feature_546,0.00045400485497692534
Feature_632,0.00045286231072860116
Feature_508,0.00045224740645656987
Feature_568,0.00045199182292600534
Feature_58,0.00044709243890194485
Feature_939,0.00044516865108182655
Feature_502,0.0004451024881499885
Feature_697,0.00043978452875740063
Feature_1022,0.00043940083797278616
Feature_859,0.00043773818067764517
Feature_401,0.00043694139398256884
Feature_523,0.0004362589611620648
Feature_670,0.0004359667200190481
Feature_903,0.0004356982008960508
Feature_359,0.0004351056363285885
Feature_304,0.0004342236998377394
Feature_363,0.00043098533388063196
Feature_776,0.00042898307414820924
Feature_240,0.0004275329028872273
Feature_340,0.0004252681869666352
Feature_384,0.0004201994836682115
Feature_63,0.00041954090325614776
Feature_171,0.0004194106067396676
Feature_164,0.00041901783283365403
Feature_860,0.00041855935353036453
Feature_332,0.00041833716337605456
Feature_21,0.00041813842268489064
Feature_683,0.0004160346734817751
Feature_646,0.00041493538742764244
Feature_345,0.00041427575142758696
Feature_645,0.0004128727499921768
Feature_943,0.00041268681150162035
Feature_124,0.0004103179352011455
Feature_677,0.0004074522685824447
Feature_268,0.00040686775744932884
Feature_112,0.00040672306899613606
Feature_195,0.00040461300514155587
Feature_110,0.00040343981519069236
Feature_736,0.00040272905452012366
Feature_156,0.0004024609479364985
Feature_506,0.0004015520210455371
Feature_749,0.0003985933690256353
Feature_168,0.0003964835293345416
Feature_385,0.00039513385200683405
Feature_895,0.0003938019602701253
Feature_40,0.00039334654897572
Feature_422,0.0003931348706845701
Feature_761,0.00039243889289572817
Feature_718,0.00039108170387946924
Feature_820,0.0003892580473648087
Feature_301,0.00038876523311003763
Feature_229,0.0003887471387947638
Feature_352,0.0003881977869176914
Feature_648,0.00038776143563039203
Feature_545,0.00038680936051585524
Feature_757,0.00038528908767622395
Feature_555,0.0003843957222214613
Feature_415,0.0003824910184378553
Feature_38,0.0003823987035517719
Feature_711,0.0003807566688316568
Feature_205,0.00037872186689825744
Feature_380,0.00037820187478491334
Feature_392,0.0003760729937104458
Feature_425,0.0003749708452490392
Feature_48,0.00037428612435948743
Feature_207,0.0003742596449288289
Feature_1023,0.000373772267449894
Feature_12,0.00037239148888499766
Feature_77,0.00036966306713068025
Feature_57,0.0003695237224242384
Feature_10,0.00036683755480867265
Feature_70,0.0003666468528123802
Feature_511,0.0003666284922638444
Feature_433,0.000364693680693251
Feature_258,0.000363787244522517
Feature_280,0.0003635628097062527
Feature_809,0.00036236452502685706
Feature_538,0.0003622463198890577
Feature_308,0.0003610695216701194
Feature_767,0.000357962356484969
Feature_479,0.00035729077483065386
Feature_838,0.0003568252941896737
Feature_866,0.00035676260478730037
Feature_1002,0.0003565292641671669
Feature_537,0.0003563906931688231
Feature_300,0.00035595782118389135
Feature_235,0.00035492035303921906
Feature_1005,0.0003548597161369596
Feature_969,0.00035464904076780017
Feature_682,0.000353720312015591
Feature_497,0.000351852769520237
Feature_79,0.0003508104775824807
Feature_412,0.00035078673972775216
Feature_797,0.0003504384291549499
Feature_643,0.00035037375862739106
Feature_87,0.00034920664078607016
Feature_728,0.0003455687223093341
Feature_287,0.00034514797899462974
Feature_649,0.0003449234179205204
Feature_910,0.00034417037264404017
Feature_880,0.00034352233143814984
Feature_708,0.00034032492928223285
Feature_279,0.0003389030097492863
Feature_622,0.00033756566331009523
Feature_612,0.00033653633204224707
Feature_169,0.00033544739745524667
Feature_521,0.0003346447889435944
Feature_720,0.0003344835005068272
Feature_619,0.0003338314627031359
Feature_893,0.00033288786558536003
Feature_413,0.00033193609469333695
Feature_324,0.0003311955436804237
Feature_763,0.00032698202991162154
Feature_175,0.0003255485964646833
Feature_850,0.000324956952299503
Feature_705,0.000324812492455316
Feature_489,0.0003245303943900176
Feature_435,0.000324016515960398
Feature_606,0.0003236917711722469
Feature_823,0.0003235021716734682
Feature_783,0.00031772014938982317
Feature_659,0.00031757578159993035
Feature_72,0.00031748537764998805
Feature_971,0.0003166506373128507
Feature_862,0.0003164969486321584
Feature_76,0.0003163604866407606
Feature_149,0.0003136874301664361
Feature_33,0.00031134377593633515
Feature_614,0.0003112548108523405
Feature_303,0.00030932045575186043
Feature_371,0.00030842635966295295
Feature_472,0.00030818384216092884
Feature_609,0.0003035346063353505
Feature_527,0.0003032150820607602
Feature_666,0.0003017708907780385
Feature_798,0.0003014243921494995
Feature_377,0.0003001245142715984
Feature_864,0.00029950366171590246
Feature_628,0.00029902531169675425
Feature_405,0.00029814880796502413
Feature_1021,0.0002980936184816352
Feature_67,0.00029630975755268104
Feature_160,0.00029572962038233025
Feature_259,0.00029571736146068254
Feature_97,0.0002954370229095778
Feature_354,0.00029536008854389226
Feature_436,0.00029358175994025125
Feature_952,0.00029321237243341733
Feature_848,0.000291796932002827
Feature_128,0.0002911757534676327
Feature_218,0.0002909568837016542
Feature_178,0.0002898426600457159
Feature_542,0.0002890543524219112
Feature_544,0.0002885214859438424
Feature_82,0.00028540324430324044
Feature_989,0.0002847098390642206
Feature_416,0.0002843365167976824
Feature_591,0.00027981919283115073
Feature_174,0.00027969571508670556
Feature_762,0.00027614193836093034
Feature_573,0.00027538432758790704
Feature_13,0.00027385308628655804
Feature_23,0.0002732430595166127
Feature_771,0.00027279285209740284
Feature_270,0.00027231473141899054
Feature_965,0.00027099836434946715
Feature_470,0.000269458067032875
Feature_656,0.0002683324663515209
Feature_121,0.00026820309913212585
Feature_841,0.00026765536324404465
Feature_950,0.0002665943932633748
Feature_679,0.0002654330642776669
Feature_209,0.0002651013544685698
Feature_496,0.00026452634003048473
Feature_534,0.0002644987211212173
Feature_567,0.00026304591374880703
Feature_468,0.0002620627962794445
Feature_828,0.000261985518737606
Feature_486,0.0002606143294671581
Feature_184,0.0002603481398519342
Feature_52,0.0002601026038183954
Feature_505,0.0002590781416730597
Feature_476,0.0002568679682798824
Feature_784,0.000256490105910319
Feature_577,0.00025258054157079567
Feature_1024,0.00025246061142418513
Feature_1019,0.0002522261132007295
Feature_190,0.00025208311183243487
Feature_498,0.00025057938519579737
Feature_777,0.0002503919930055702
Feature_602,0.0002464447367779776
Feature_89,0.0002444234882022459
Feature_881,0.0002430228647285718
Feature_245,0.00024241972987875578
Feature_331,0.0002379099101769401
Feature_460,0.00023509873325278365
Feature_954,0.00023488247506514413
Feature_199,0.00023083724092982146
Feature_18,0.0002296413360904494
Feature_672,0.0002266102437025889
Feature_170,0.00022587774440119003
Feature_937,0.00022336098680765754
Feature_1000,0.00022278029601848507
Feature_554,0.0002227394011217319
Feature_86,0.0002225411042225484
Feature_753,0.00022140492245955397
Feature_818,0.0002198870813221001
Feature_638,0.00021928899544097394
Feature_825,0.00021715920556148447
Feature_108,0.0002155042322068948
Feature_200,0.00021261565383725556
Feature_806,0.0002119801695454566
Feature_348,0.0002119709038990881
Feature_852,0.000211163237909254
Feature_572,0.00021107146151323208
Feature_99,0.00021087401312900212
Feature_1004,0.00020790235152584098
Feature_94,0.00020699734865269447
Feature_635,0.00020681483098523116
Feature_902,0.00020650872163865115
Feature_56,0.00020594517006715014
Feature_248,0.00020495196671755942
Feature_774,0.00020455203617756422
Feature_644,0.00020368579398626156
Feature_556,0.0002035026828746461
Feature_391,0.0002019324541510869
Feature_28,0.000200436978690276
Feature_610,0.00020016665764069295
Feature_411,0.0002000475987150399
Feature_840,0.0001994736443333363
Feature_661,0.00019878153590044358
Feature_450,0.00019759038806616244
Feature_214,0.0001975547400212475
Feature_322,0.00019558825399098678
Feature_206,0.00019388502044642182
Feature_702,0.00019063746738955752
Feature_341,0.00018703753710706196
Feature_396,0.00018542859313424513
Feature_536,0.0001845062930213596
Feature_669,0.00018445505666047743
Feature_812,0.00018388866235315073
Feature_288,0.00018329421510888773
Feature_992,0.00018327478101774376
Feature_585,0.0001824150153012138
Feature_1,0.00018045947628466606
Feature_687,0.00018042774313648048
Feature_357,0.00017866577322632005
Feature_863,0.0001767606841092757
Feature_439,0.00017406256772175549
Feature_1007,0.00017273073723599914
Feature_934,0.00017248500570790203
Feature_62,0.00017184814232107127
Feature_443,0.00017127935182307592
Feature_662,0.0001707556965817712
Feature_188,0.00016995660932374085
Feature_374,0.00016906444095512917
Feature_313,0.00016625978263694118
Feature_980,0.0001660819080440011
Feature_616,0.0001607270825565209
Feature_44,0.0001594983093211736
Feature_162,0.00015835699450169683
Feature_539,0.00015810452109588593
Feature_924,0.0001580172409964497
Feature_138,0.00015676279578481013
Feature_151,0.00015669887856212814
Feature_633,0.00015654375511914105
Feature_535,0.00015601406117712337
Feature_526,0.0001559495918020217
Feature_307,0.00015505912255832954
Feature_133,0.00015503331389286795
Feature_291,0.0001536795911368971
Feature_17,0.0001494512662043946
Feature_707,0.00014611056864388512
Feature_403,0.00014357294632527225
Feature_868,0.00014332404900998776
Feature_480,0.0001431708334455042
Feature_983,0.0001422141765563924
Feature_794,0.00014050316001862722
Feature_45,0.00013714615996813964
Feature_98,0.00013714421224387535
Feature_281,0.00013598662686964682
Feature_350,0.00013527463927708486
Feature_181,0.00013279252222262404
Feature_39,0.00013253513153720146
Feature_183,0.00012661909908016363
Feature_444,0.00012574906430241667
Feature_455,0.00012558367342469355
Feature_292,0.0001249941199540337
Feature_747,0.00012402798211826052
Feature_83,0.00012263304014685085
Feature_177,0.00012257986727984169
Feature_987,0.00012133898552935579
Feature_613,0.00012067020485941881
Feature_451,0.00011756525099220649
Feature_560,0.00011662684552726617
Feature_583,0.00011600798439027562
Feature_244,0.0001157215000081101
Feature_106,0.00011554706490996522
Feature_49,0.00011340881213209266
Feature_398,0.00011322749379278972
Feature_908,0.00011138012887420189
Feature_540,0.00011082090479716896
Feature_454,0.00011007318236069867
Feature_779,0.00010856608844983753
Feature_510,0.00010612012388503666
Feature_617,0.00010486324564328439
Feature_409,0.00010347661053513168
Feature_383,0.00010276441210968533
Feature_261,0.00010089411709213528
Feature_849,0.00010066234989440611
Feature_871,0.00010045964617421428
Feature_469,0.00010002957755526502
Feature_723,9.749300904076455e-05
Feature_335,9.73458305229914e-05
Feature_921,9.553555205847248e-05
Feature_400,9.369514317668544e-05
Feature_935,9.202956660047766e-05
Feature_197,9.121388207171565e-05
Feature_978,9.117916964060663e-05
Feature_265,9.03374240797173e-05
Feature_942,8.997079687741359e-05
Feature_964,8.984331468725623e-05
Feature_31,8.976201847365442e-05
Feature_734,8.954413312243984e-05
Feature_419,8.917412747871409e-05
Feature_514,8.896940045429612e-05
Feature_789,8.814095185174268e-05
Feature_212,8.65818987804589e-05
Feature_1017,8.448082655599027e-05
Feature_500,8.442025545903508e-05
Feature_309,7.650695763514364e-05
Feature_397,7.589092849533828e-05
Feature_890,7.465648358697634e-05
Feature_36,6.81824975740384e-05
Feature_366,6.721887413053696e-05
Feature_530,6.679463533739393e-05
Feature_154,6.550038768076361e-05
Feature_664,6.292070363356168e-05
Feature_920,6.2438110300555e-05
Feature_360,6.108810872390277e-05
Feature_960,5.969400638197358e-05
Feature_621,5.839987420873069e-05
Feature_658,5.7673655029770064e-05
Feature_822,5.5794177385155496e-05
Feature_389,5.565507976806603e-05
Feature_634,5.517735992258373e-05
Feature_973,5.178239168380626e-05
Feature_373,4.993289012944281e-05
Feature_29,4.652847326909583e-05
Feature_533,4.221426029180452e-05
Feature_575,3.8397860110759185e-05
Feature_564,3.750242358058673e-05
Feature_7,3.7144715185412955e-05
Feature_819,3.557054021836627e-05
Feature_41,3.0419598746914832e-05
Feature_878,2.140269907770251e-05
Feature_1001,2.0548585095845594e-05
Feature_337,4.122288771941958e-06
Feature_338,1.219882538978378e-06
Feature_142,0.0
Feature_686,0.0
