feature,mean_absolute_shap
Feature_213,0.015354259908206047
Feature_927,0.014052503254195192
Feature_936,0.011598535350876819
Feature_457,0.009046612644678785
Feature_715,0.00806231195365094
Feature_1020,0.007381898114079621
Feature_657,0.007176687409957112
Feature_882,0.00691690133650937
Feature_725,0.006448405559198419
Feature_65,0.005609895085556608
Feature_326,0.005504064556470178
Feature_865,0.005103920355162871
Feature_336,0.004927667466286034
Feature_876,0.004426328051921622
Feature_485,0.004407394890519591
Feature_524,0.004139686928275537
Feature_914,0.0040167993867006304
Feature_674,0.003919498456846376
Feature_434,0.0038163887961898614
Feature_803,0.0037644019681665032
Feature_625,0.0034804102396841985
Feature_790,0.003448256722788348
Feature_129,0.003265086968614592
Feature_808,0.003144772724050368
Feature_148,0.0029115123114435313
Feature_977,0.0028856422716328667
Feature_315,0.0028842618790822306
Feature_221,0.0028772324917859106
Feature_742,0.002859987261031838
Feature_269,0.0028428541263268913
Feature_306,0.002817709846989026
Feature_574,0.002789794655439018
Feature_198,0.002731997988028978
Feature_353,0.0027071757543293785
Feature_563,0.002701967324644185
Feature_378,0.0026815091338053053
Feature_714,0.0026682699711494144
Feature_390,0.002655593289369641
Feature_274,0.0026413674156352176
Feature_376,0.0026070305857018184
Feature_739,0.0025854815901949434
Feature_120,0.002568437044219467
Feature_311,0.002542880782313495
Feature_91,0.0023983155233216337
Feature_272,0.0023959568510297895
Feature_122,0.0023493318547284227
Feature_587,0.002337978565265986
Feature_894,0.0023190837633024807
Feature_785,0.0022997688615907933
Feature_916,0.00222356197555689
Feature_740,0.0021439896749125818
Feature_2,0.0020623962928141707
Feature_136,0.0020061563430702114
Feature_81,0.00198792724967337
Feature_576,0.0019683641839657396
Feature_856,0.00195418601429858
Feature_504,0.0019428944498247572
Feature_379,0.0018661078414161359
Feature_660,0.0018017179551470214
Feature_113,0.0018006573554590817
Feature_516,0.0017934137461285136
Feature_668,0.0017919309748461601
Feature_733,0.001791197974940132
Feature_4,0.0017733571348547844
Feature_284,0.0017313587676479596
Feature_364,0.0016682533773874162
Feature_651,0.001663375696444711
Feature_696,0.001611555961095913
Feature_273,0.0015870281780441373
Feature_593,0.0015671791401186098
Feature_813,0.0015662006188527724
Feature_607,0.001564579847945058
Feature_588,0.0015462037927864707
Feature_302,0.001531687368368381
Feature_342,0.0015127807315153804
Feature_493,0.0014870095742868846
Feature_125,0.0014702467731388296
Feature_408,0.0014361282478263736
Feature_979,0.0014329616239246515
Feature_699,0.0014267805931757558
Feature_685,0.0014086139545006053
Feature_731,0.001408509172063937
Feature_387,0.0013961808772731277
Feature_888,0.0013909218710820561
Feature_799,0.0013856740305778536
Feature_176,0.0013843675608850917
Feature_792,0.0013792967216673215
Feature_581,0.0013530769654334454
Feature_846,0.0013524322489149867
Feature_905,0.0013018200937765937
Feature_759,0.0012931020291722774
Feature_327,0.0012928265455837077
Feature_887,0.0012882399476760278
Feature_193,0.0012717470587831896
Feature_285,0.0012573545274633486
Feature_16,0.0012313513138243368
Feature_34,0.0012240014919512583
Feature_1009,0.0011955055843273854
Feature_220,0.0011855431748104609
Feature_746,0.0011777920001534066
Feature_61,0.0011695047111376367
Feature_5,0.0011635921469966008
Feature_595,0.001153534523238619
Feature_407,0.0011517819633617451
Feature_440,0.0011395130511992501
Feature_652,0.0011320308346626663
Feature_750,0.0011315141869528244
Feature_447,0.0011124177813080513
Feature_653,0.0011047809193946304
Feature_456,0.001094716015870513
Feature_981,0.0010941106544017417
Feature_741,0.0010885252191986236
Feature_471,0.001086634011605042
Feature_842,0.0010835823933240173
Feature_367,0.0010782614101048805
Feature_161,0.0010691663374024962
Feature_962,0.0010642155494608382
Feature_768,0.0010632747211103742
Feature_623,0.0010598510529071928
Feature_817,0.0010556594614074745
Feature_565,0.0010514377844541346
Feature_917,0.0010480465430322333
Feature_43,0.001041564893424065
Feature_365,0.001030820163059053
Feature_232,0.0010274464905500609
Feature_974,0.0010273080080442218
Feature_928,0.0010268209723418955
Feature_829,0.0010122731151158714
Feature_276,0.0010041413616087701
Feature_515,0.0010004016449242962
Feature_140,0.000997023015102255
Feature_807,0.000995606173774571
Feature_899,0.000992932322396531
Feature_869,0.0009810216656418991
Feature_853,0.0009730765457897689
Feature_78,0.0009627569538121931
Feature_239,0.0009575166558359679
Feature_694,0.0009416444148528549
Feature_132,0.0009275728334979546
Feature_988,0.0009215683259102382
Feature_275,0.0009186871314307212
Feature_145,0.0009186306178120429
Feature_766,0.0009101809356407047
Feature_141,0.0009082258296748903
Feature_786,0.0009042673027018306
Feature_323,0.0009005467447654299
Feature_995,0.0008890970550390629
Feature_765,0.0008661955364947854
Feature_945,0.000848555024239298
Feature_477,0.0008480705233181309
Feature_700,0.000839085393789157
Feature_837,0.0008328513046686376
Feature_512,0.0008294198990140718
Feature_1011,0.0008239077798781593
Feature_832,0.000817436043626601
Feature_429,0.0008119236723057406
Feature_426,0.0008110166977534462
Feature_729,0.0008081452482205419
Feature_551,0.0008029178010395181
Feature_972,0.0008020771086473973
Feature_626,0.0008009419322223707
Feature_100,0.0007999201420138323
Feature_334,0.0007964591598869388
Feature_737,0.0007954982409235131
Feature_93,0.0007907504051993751
Feature_654,0.0007906622965901488
Feature_513,0.000789439803811682
Feature_843,0.0007817903695978559
Feature_295,0.0007816015288868581
Feature_90,0.0007803579284131929
Feature_810,0.0007698423428199506
Feature_126,0.0007682534290762362
Feature_329,0.0007671356329800476
Feature_96,0.0007641669333517622
Feature_959,0.000759608232341651
Feature_854,0.0007490551995437634
Feature_795,0.0007476407069062914
Feature_166,0.0007412054504975413
Feature_562,0.000734259360691766
Feature_421,0.0007328712561614183
Feature_51,0.0007327169919215917
Feature_382,0.0007227708045831929
Feature_208,0.000722390102186983
Feature_321,0.000719274518372842
Feature_362,0.0007114078000790744
Feature_947,0.0007078208235830018
Feature_642,0.0007026277802967601
Feature_185,0.0007005391255385864
Feature_558,0.0006974718726567666
Feature_816,0.0006948579401934496
Feature_982,0.0006947655691418491
Feature_755,0.0006945952756668629
Feature_250,0.0006892181840681143
Feature_20,0.0006834586943252432
Feature_64,0.000682368859524812
Feature_219,0.0006773528160060594
Feature_1003,0.0006766695119235118
Feature_54,0.0006696388832336193
Feature_667,0.0006600302531479585
Feature_487,0.0006576459198081466
Feature_328,0.0006570677730414202
Feature_361,0.0006537792546448335
Feature_647,0.0006525596419216982
Feature_531,0.0006468695407452942
Feature_915,0.000646715797500495
Feature_805,0.0006420376002234349
Feature_165,0.0006418613446948446
Feature_886,0.0006404692683750568
Feature_676,0.000639385733025636
Feature_257,0.0006359398587428101
Feature_931,0.0006349179572498747
Feature_620,0.0006298190943779787
Feature_1010,0.000629813151475658
Feature_820,0.000623889172713181
Feature_105,0.0006218789213972253
Feature_1015,0.0006200098219851133
Feature_801,0.0006153797397306792
Feature_75,0.0006147627461056261
Feature_438,0.0006055932066378857
Feature_158,0.0006035002030323895
Feature_844,0.0006013008930506494
Feature_802,0.0005961476668259791
Feature_710,0.0005953316140954054
Feature_571,0.0005946307905303642
Feature_543,0.0005907634475234673
Feature_459,0.0005895136616002833
Feature_368,0.0005867501315044884
Feature_994,0.0005865665522432737
Feature_793,0.0005850368847729042
Feature_22,0.0005828067454772181
Feature_37,0.0005798476490004293
Feature_339,0.0005774021108939003
Feature_997,0.0005761391737960723
Feature_191,0.0005760062840244405
Feature_719,0.000572203689899733
Feature_355,0.0005718132812797517
Feature_173,0.0005647839519332962
Feature_217,0.0005581118053965524
Feature_192,0.0005561683881376747
Feature_671,0.0005521727709280783
Feature_732,0.0005490969891858324
Feature_484,0.0005444174425652615
Feature_566,0.0005401852228211416
Feature_640,0.0005377208823205967
Feature_717,0.0005369874035241069
Feature_238,0.0005369674710831263
Feature_26,0.0005362086235463453
Feature_215,0.0005357946471069813
Feature_883,0.0005326500468903789
Feature_290,0.000529511144593003
Feature_21,0.0005244048659067434
Feature_909,0.0005242183782648341
Feature_430,0.0005234517034219634
Feature_474,0.0005223500479555433
Feature_343,0.0005215352100643057
Feature_925,0.000520702305321019
Feature_482,0.0005202518069370484
Feature_186,0.0005189236796968246
Feature_14,0.0005171198837817973
Feature_722,0.0005153259047665604
Feature_187,0.0005096202870164493
Feature_137,0.0005073808727392615
Feature_231,0.0005019119234206978
Feature_201,0.0005001540326725683
Feature_473,0.0004973251164307145
Feature_1018,0.0004964405944220531
Feature_884,0.0004956310476559272
Feature_721,0.0004944047889448642
Feature_726,0.0004929329940183763
Feature_406,0.0004920312985719644
Feature_111,0.0004901139883338881
Feature_787,0.0004899114562429308
Feature_751,0.0004891196218621184
Feature_175,0.000489002643642448
Feature_956,0.0004884773630590232
Feature_665,0.00048806109016269207
Feature_420,0.0004863137538849184
Feature_251,0.00048520087548467627
Feature_103,0.0004776244594389812
Feature_402,0.00047744565794432327
Feature_85,0.0004760740051948573
Feature_236,0.00047540937208633764
Feature_256,0.0004718155578836633
Feature_968,0.00047115952770456995
Feature_953,0.00047093777407918947
Feature_465,0.0004707690125209776
Feature_115,0.00047073499012859966
Feature_758,0.0004696265190986594
Feature_641,0.00046228515323414423
Feature_102,0.0004611462548069536
Feature_228,0.0004590987892113784
Feature_933,0.00045712672553315377
Feature_580,0.00045481827952354044
Feature_985,0.00044858914186800253
Feature_724,0.0004463756003892265
Feature_80,0.00044535986268785295
Feature_330,0.0004438447425060959
Feature_986,0.0004387957648965459
Feature_223,0.0004379264301273011
Feature_464,0.0004376868668930962
Feature_8,0.00043554095519477863
Feature_9,0.00043444320618215085
Feature_204,0.00043033720942998516
Feature_773,0.00042986559430776216
Feature_131,0.000424835693342487
Feature_836,0.00042431200009858286
Feature_222,0.0004213456478483864
Feature_135,0.0004182038276226843
Feature_900,0.0004115555341955965
Feature_139,0.000407069233586279
Feature_645,0.0004021608371348662
Feature_655,0.00040108283290895934
Feature_211,0.00040047049246371406
Feature_586,0.0004003737303113639
Feature_159,0.00039902759358702197
Feature_180,0.0003977598831405624
Feature_163,0.0003955188896765135
Feature_210,0.00039402014868666083
Feature_66,0.0003934586942192442
Feature_547,0.00039321450167145613
Feature_30,0.00039173855005191085
Feature_446,0.00038757644683047723
Feature_780,0.0003869334385453516
Feature_745,0.0003851330044753909
Feature_961,0.00038510508995962233
Feature_889,0.0003845521886588792
Feature_955,0.00038211571576609313
Feature_518,0.00038196020179077835
Feature_182,0.00038173941671717685
Feature_146,0.0003815446380588033
Feature_155,0.0003781081231081685
Feature_167,0.00037782335347220816
Feature_27,0.00037483873521026653
Feature_393,0.00037026244364643746
Feature_84,0.00036889514210473764
Feature_550,0.0003679692948635369
Feature_481,0.0003671833452861561
Feature_599,0.0003665490019211205
Feature_35,0.000361643662419778
Feature_830,0.0003608114204169836
Feature_319,0.0003583258594268274
Feature_845,0.0003576599871816548
Feature_495,0.00035764011287328195
Feature_897,0.00035749322177471455
Feature_246,0.0003548935303842981
Feature_127,0.0003540804334425008
Feature_46,0.00035346433107501045
Feature_608,0.00034995429302964794
Feature_582,0.0003463862223524879
Feature_704,0.0003461478884960052
Feature_624,0.00034110363360379036
Feature_216,0.000339619478079777
Feature_744,0.00033932963574179957
Feature_449,0.00033927463373651534
Feature_461,0.000338913210481846
Feature_650,0.00033780346706389626
Feature_492,0.0003341918251666938
Feature_727,0.0003337812909928432
Feature_781,0.00033191145826068277
Feature_851,0.0003316833641457608
Feature_695,0.00033135511481939084
Feature_74,0.000329964195537258
Feature_557,0.00032905295997957736
Feature_689,0.00032583606445422264
Feature_975,0.0003255208789126877
Feature_578,0.00032514045729368195
Feature_15,0.00032405821531447963
Feature_778,0.0003205890251553031
Feature_467,0.0003191946342899587
Feature_760,0.0003159317361553334
Feature_499,0.00031325334386800427
Feature_597,0.0003122244378268731
Feature_491,0.00031078569757644566
Feature_912,0.0003074846682090878
Feature_672,0.0003061038026333629
Feature_673,0.00030573026154750044
Feature_552,0.00030565179911874117
Feature_678,0.00030295920216839536
Feature_752,0.00030218200250031735
Feature_59,0.0003020258228841245
Feature_579,0.00030189383483028614
Feature_448,0.00030162186574797815
Feature_394,0.000300918763290803
Feature_356,0.0003004814872062797
Feature_584,0.000297838945045574
Feature_756,0.0002975191875684601
Feature_297,0.00029649485879270385
Feature_40,0.0002954249009708323
Feature_839,0.00029492704427220884
Feature_701,0.000294846115735929
Feature_713,0.0002938367058487407
Feature_317,0.00029351738768468755
Feature_957,0.00029279993593748957
Feature_296,0.0002927807436754078
Feature_152,0.00029243083464663896
Feature_764,0.00028839968685590787
Feature_775,0.00028664658260852625
Feature_525,0.0002864600099754815
Feature_963,0.000284152557809338
Feature_891,0.00028403487749528874
Feature_424,0.00028389966291188576
Feature_437,0.0002812995842777433
Feature_241,0.00028067988273093657
Feature_392,0.0002793066530758665
Feature_453,0.000277283896088192
Feature_351,0.00027689392333854593
Feature_47,0.00027626693362162305
Feature_690,0.0002758520864266006
Feature_92,0.00027553891884965644
Feature_691,0.000275509448885594
Feature_347,0.0002754695071118396
Feature_904,0.0002751446571397863
Feature_117,0.0002745898032320552
Feature_189,0.0002733650231017352
Feature_325,0.0002723064558277728
Feature_996,0.00027055358829757606
Feature_833,0.0002691586460581177
Feature_596,0.0002675222968913206
Feature_693,0.00026735143851134056
Feature_441,0.0002673443556792562
Feature_233,0.0002662670295303453
Feature_346,0.0002659603468207678
Feature_143,0.00026561805748745465
Feature_478,0.00026432286085456325
Feature_976,0.00026077054079088106
Feature_277,0.0002598396705825447
Feature_926,0.00025702690513298326
Feature_354,0.00025661222416571244
Feature_310,0.0002539814437589576
Feature_782,0.0002529031706516761
Feature_800,0.00025277474182165585
Feature_984,0.0002518355580537331
Feature_109,0.000250841298447468
Feature_629,0.0002503668079388092
Feature_529,0.00024926028025175096
Feature_263,0.00024576765672256606
Feature_314,0.00024540476123638427
Feature_333,0.00024378298133894118
Feature_249,0.00024235699514728995
Feature_234,0.00024224917256952908
Feature_147,0.0002408457765066145
Feature_541,0.00023834446743268341
Feature_951,0.0002380859631512414
Feature_42,0.0002376624110486901
Feature_369,0.00023743450619393016
Feature_932,0.0002374001672117032
Feature_930,0.0002357637939385311
Feature_230,0.00023337941336217224
Feature_834,0.00023038811422193163
Feature_867,0.00022888411953035745
Feature_123,0.00022840674271569126
Feature_873,0.0002281384850815332
Feature_247,0.00022527474859511336
Feature_262,0.0002251716076365674
Feature_134,0.000224089498579244
Feature_919,0.00022393363864929794
Feature_172,0.00022161639947734807
Feature_418,0.0002213751230676503
Feature_395,0.00021952359795993182
Feature_266,0.00021849242083414364
Feature_475,0.00021802490029871268
Feature_631,0.00021780080104831832
Feature_202,0.0002176196738876364
Feature_503,0.00021748648834346384
Feature_730,0.0002173584620715262
Feature_312,0.00021735287518272347
Feature_828,0.00021660682059077702
Feature_119,0.00021545346080890433
Feature_344,0.00021531069046325268
Feature_417,0.00021431399498479325
Feature_316,0.00021149418159362298
Feature_611,0.00020962590812994162
Feature_590,0.00020936302856677447
Feature_416,0.00020920439574062747
Feature_509,0.00020914819909158934
Feature_60,0.0002086277743815018
Feature_603,0.00020851990932816867
Feature_743,0.00020733656214356542
Feature_804,0.0002030358176859892
Feature_532,0.00020125720574124103
Feature_716,0.0001995869073211071
Feature_907,0.00019886957874057986
Feature_892,0.0001976953273033432
Feature_242,0.00019739608656907043
Feature_432,0.00019645708527960015
Feature_289,0.00019496654262244413
Feature_827,0.00019441539340566154
Feature_252,0.00019418027886559545
Feature_6,0.00019405850415243534
Feature_237,0.0001932767495861205
Feature_179,0.00019304733809160553
Feature_278,0.00019043235147215404
Feature_95,0.00018952926982197357
Feature_569,0.00018747351470655097
Feature_501,0.00018727796588831385
Feature_380,0.0001872559666494396
Feature_50,0.00018631908063506596
Feature_205,0.00018550669908488543
Feature_940,0.0001844129920507285
Feature_1013,0.00018382743370790364
Feature_879,0.00018294428132149124
Feature_697,0.0001813069142317602
Feature_386,0.0001803522982953099
Feature_508,0.00017834994519485192
Feature_404,0.00017739314935704943
Feature_144,0.0001773404534828073
Feature_814,0.00017731030851960144
Feature_663,0.00017672717089843503
Feature_203,0.0001758319198626249
Feature_1016,0.00017465549959268283
Feature_381,0.000174605985622798
Feature_427,0.00017275693308966024
Feature_24,0.00017248154342518454
Feature_748,0.00017184361046482366
Feature_305,0.00017154203243555907
Feature_788,0.00017135292668054303
Feature_941,0.0001710482407712237
Feature_923,0.0001706204848525211
Feature_555,0.00017050897842318306
Feature_226,0.00017024538329970726
Feature_1024,0.00017000880309210514
Feature_370,0.00016727481423607453
Feature_372,0.00016608395139524647
Feature_946,0.00016570260196459795
Feature_19,0.0001652922212859722
Feature_791,0.00016363978270780426
Feature_82,0.0001632081079199138
Feature_601,0.00016260885055386864
Feature_178,0.0001623727082308591
Feature_298,0.0001606170780415808
Feature_705,0.0001600624346787414
Feature_535,0.00015939402766132393
Feature_991,0.00015925031018219183
Feature_772,0.00015922053912931214
Feature_463,0.00015920341023334714
Feature_666,0.00015901232608239827
Feature_168,0.00015838387456819608
Feature_130,0.00015760207474432232
Feature_32,0.0001571662455917593
Feature_712,0.00015706280325842253
Feature_898,0.00015690026991110192
Feature_79,0.00015591237469665187
Feature_1006,0.00015540051326531093
Feature_260,0.00015535480722997193
Feature_903,0.0001552337008576194
Feature_680,0.0001550597465600042
Feature_423,0.00015481027843200227
Feature_528,0.0001541851419804883
Feature_498,0.0001539670039915052
Feature_479,0.00015380074183352972
Feature_858,0.00015353499825596827
Feature_718,0.0001516512235865776
Feature_388,0.00015111914694260285
Feature_885,0.0001510648960506927
Feature_253,0.00015042323983411338
Feature_861,0.00015034576266235568
Feature_52,0.00014932243993050635
Feature_209,0.00014915516012890747
Feature_559,0.00014913490895405142
Feature_990,0.0001488629049690404
Feature_948,0.00014878587758891158
Feature_609,0.0001483123575893643
Feature_349,0.00014774494151507952
Feature_848,0.00014654239694330998
Feature_949,0.00014484970589192744
Feature_227,0.0001442040817803145
Feature_318,0.00014409874263525922
Feature_922,0.0001436537044285615
Feature_648,0.00014294760204921304
Feature_433,0.00014189567274992563
Feature_301,0.00014154810061832841
Feature_331,0.00014134209984516843
Feature_896,0.00014121868006860392
Feature_754,0.00014062561349495372
Feature_965,0.0001405201828759374
Feature_267,0.0001390620395995598
Feature_918,0.00013851758389426863
Feature_358,0.00013700570450475813
Feature_452,0.00013586313465406354
Feature_594,0.00013417548128227707
Feature_738,0.0001328996890580555
Feature_517,0.00013271286557678372
Feature_1012,0.0001325303319556243
Feature_539,0.0001323335049583448
Feature_703,0.0001322586001910053
Feature_692,0.00013215694296695514
Feature_592,0.00013009117644324918
Feature_286,0.00013004098413608675
Feature_831,0.0001286196794569147
Feature_952,0.00012860528377865707
Feature_681,0.0001279187071592035
Feature_101,0.00012768315980768812
Feature_675,0.00012713424120283965
Feature_225,0.00012676377678856327
Feature_523,0.00012635170359280546
Feature_118,0.00012555877398758792
Feature_600,0.0001240840783726469
Feature_821,0.00012375622058967292
Feature_472,0.00012248250259277703
Feature_25,0.00012206526159230572
Feature_38,0.00012196494088375688
Feature_544,0.00012136806219712856
Feature_938,0.00012058291783736196
Feature_442,0.00011985520562432017
Feature_1002,0.0001192512801096825
Feature_255,0.00011915686426426646
Feature_63,0.0001182496388837763
Feature_412,0.00011769013828668399
Feature_864,0.00011763164614719555
Feature_519,0.00011762174670923502
Feature_999,0.00011708552560225487
Feature_303,0.00011608806757794238
Feature_622,0.00011535049674318154
Feature_71,0.00011512512200711183
Feature_924,0.00011496996859438226
Feature_606,0.00011272491542673045
Feature_470,0.0001122969157025594
Feature_340,0.0001122213943082158
Feature_950,0.00011187689017960169
Feature_521,0.00011157640606154472
Feature_218,0.00011155503163847697
Feature_282,0.00011131495988084732
Feature_462,0.00011088495251867201
Feature_1023,0.0001108121284979148
Feature_489,0.00011060208856859064
Feature_546,0.0001088601756323159
Feature_171,0.00010872615148603387
Feature_359,0.00010833333681616752
Feature_684,0.0001074321933266645
Feature_906,0.00010680613239600085
Feature_55,0.00010600191284529182
Feature_254,0.00010568313034180581
Feature_293,0.00010519032306682747
Feature_763,0.00010499299643970519
Feature_549,0.00010361248762944473
Feature_488,0.00010327820437680854
Feature_604,0.00010324133543529682
Feature_170,0.00010263889985287168
Feature_363,0.00010253997646642679
Feature_798,0.00010205321197858412
Feature_1014,0.00010114133911757868
Feature_431,0.00010059254191775035
Feature_895,0.0001004516484275861
Feature_445,0.00010006633594660891
Feature_48,9.879154211441796e-05
Feature_320,9.83975323668198e-05
Feature_993,9.70032894553426e-05
Feature_615,9.629567013338936e-05
Feature_872,9.589840810991454e-05
Feature_88,9.588694471620434e-05
Feature_702,9.52007062642934e-05
Feature_83,9.460479597457418e-05
Feature_659,9.44255655970444e-05
Feature_415,9.406565996019228e-05
Feature_258,9.379034218849254e-05
Feature_966,9.339738874524533e-05
Feature_812,9.32586142190787e-05
Feature_279,9.309149271006443e-05
Feature_12,9.267914747047993e-05
Feature_777,9.207707113000051e-05
Feature_875,9.183677594268972e-05
Feature_483,9.156486018752049e-05
Feature_627,9.154150987712762e-05
Feature_826,9.137124806669313e-05
Feature_89,9.107221495134605e-05
Feature_677,9.084374780881723e-05
Feature_511,9.075956079156938e-05
Feature_224,9.061266945885214e-05
Feature_811,9.058573852511388e-05
Feature_494,9.056895993063995e-05
Feature_10,8.913003185279523e-05
Feature_374,8.835565303121267e-05
Feature_847,8.742516063775265e-05
Feature_11,8.577029220106745e-05
Feature_428,8.458625722948137e-05
Feature_572,8.440201943687669e-05
Feature_998,8.38084391033481e-05
Feature_97,8.254589514331771e-05
Feature_644,8.192269333164858e-05
Feature_480,8.127633764056629e-05
Feature_568,8.091467356136661e-05
Feature_500,8.011269178202837e-05
Feature_366,7.980986227623816e-05
Feature_711,7.938182836680744e-05
Feature_283,7.934264832680354e-05
Feature_669,7.880652059439508e-05
Feature_157,7.852417251002918e-05
Feature_967,7.841701813562346e-05
Feature_970,7.831563147831877e-05
Feature_913,7.802930576013909e-05
Feature_502,7.725337344100752e-05
Feature_57,7.708572357922723e-05
Feature_823,7.643152754833408e-05
Feature_98,7.62747574631902e-05
Feature_294,7.609463405151757e-05
Feature_910,7.52893304387154e-05
Feature_458,7.492080653479566e-05
Feature_271,7.410699706122799e-05
Feature_969,7.391251874237887e-05
Feature_444,7.37992443684675e-05
Feature_1022,7.363177630101205e-05
Feature_901,7.317206238896433e-05
Feature_815,7.148360183057464e-05
Feature_377,7.14772889429923e-05
Feature_573,7.144926688744313e-05
Feature_505,7.107931400475849e-05
Feature_589,7.092939622867541e-05
Feature_767,7.084903834668379e-05
Feature_761,7.079117813696456e-05
Feature_33,7.070063607449448e-05
Feature_1007,7.002093960405776e-05
Feature_661,7.000083216927357e-05
Feature_992,6.985039521934198e-05
Feature_174,6.982909020900116e-05
Feature_857,6.96428700977407e-05
Feature_490,6.883734280773549e-05
Feature_235,6.858335276542392e-05
Feature_688,6.796096837620823e-05
Feature_838,6.755603490045418e-05
Feature_630,6.641448383417837e-05
Feature_649,6.585794809639083e-05
Feature_403,6.551092148311002e-05
Feature_585,6.529871099913363e-05
Feature_164,6.405260205104924e-05
Feature_783,6.400227536217713e-05
Feature_893,6.265317329725522e-05
Feature_635,6.23022069588018e-05
Feature_643,6.129700290389198e-05
Feature_496,6.073186352267044e-05
Feature_162,6.012150922830985e-05
Feature_243,6.001266414854602e-05
Feature_536,5.9855374974927074e-05
Feature_796,5.939438972988003e-05
Feature_69,5.9288219001723513e-05
Feature_72,5.916243440452995e-05
Feature_299,5.882679576237988e-05
Feature_49,5.859324938210192e-05
Feature_13,5.778106593435374e-05
Feature_522,5.5712694733639274e-05
Feature_911,5.535918433910003e-05
Feature_169,5.497855255647436e-05
Feature_384,5.488874440186717e-05
Feature_859,5.389732989156033e-05
Feature_214,5.376003980201609e-05
Feature_76,5.3534357255799155e-05
Feature_934,5.3233057777538305e-05
Feature_770,5.286656237436204e-05
Feature_1021,5.212936782385783e-05
Feature_28,5.0888813574880484e-05
Feature_757,5.0715541395957326e-05
Feature_212,5.054264122606753e-05
Feature_44,4.997540020959832e-05
Feature_108,4.9491304955685695e-05
Feature_270,4.9359903621677206e-05
Feature_561,4.9318456708028436e-05
Feature_548,4.93089856450466e-05
Feature_538,4.9065274119206485e-05
Feature_385,4.876128155688947e-05
Feature_150,4.836647012997836e-05
Feature_943,4.7932702510837515e-05
Feature_112,4.7663215917882e-05
Feature_181,4.748371755626698e-05
Feature_399,4.676583366535956e-05
Feature_908,4.674018128647504e-05
Feature_3,4.643677936759546e-05
Feature_628,4.5942183491558836e-05
Feature_206,4.5434277083823814e-05
Feature_553,4.452937145824052e-05
Feature_1,4.4328187908746485e-05
Feature_840,4.424217422343873e-05
Feature_709,4.385732808462137e-05
Feature_466,4.3758198287181925e-05
Feature_614,4.321631404138204e-05
Feature_835,4.315519867825515e-05
Feature_577,4.310889812254147e-05
Feature_128,4.286275251004952e-05
Feature_413,4.2859490046063804e-05
Feature_774,4.2668630483535706e-05
Feature_400,4.264358408387357e-05
Feature_863,4.231593792534341e-05
Feature_809,4.175926649401307e-05
Feature_435,4.1641944067490046e-05
Feature_545,4.1536566885838506e-05
Feature_825,4.1141148716346276e-05
Feature_436,4.081016595217407e-05
Feature_313,4.077977138131246e-05
Feature_207,3.974325779939252e-05
Feature_389,3.973442801948721e-05
Feature_749,3.960199288324301e-05
Feature_104,3.952448674816543e-05
Feature_116,3.911678888568666e-05
Feature_921,3.894374711136379e-05
Feature_73,3.8913173037340714e-05
Feature_507,3.8734683150357795e-05
Feature_797,3.8706419454928194e-05
Feature_769,3.865704691415174e-05
Feature_350,3.794871374223021e-05
Feature_612,3.743087480568761e-05
Feature_45,3.738555884681034e-05
Feature_371,3.7209182178548874e-05
Feature_776,3.719812152186534e-05
Feature_190,3.701085877518435e-05
Feature_556,3.6928407894598085e-05
Feature_520,3.6788237823000714e-05
Feature_391,3.665243462069723e-05
Feature_1005,3.628021027771169e-05
Feature_935,3.591673268269348e-05
Feature_881,3.578334533719955e-05
Feature_308,3.570600284316007e-05
Feature_156,3.5055733102034206e-05
Feature_971,3.503756364852251e-05
Feature_149,3.4526388546656506e-05
Feature_670,3.429609265367547e-05
Feature_939,3.405597501840703e-05
Feature_958,3.3962441918850476e-05
Feature_633,3.369366327458645e-05
Feature_598,3.355484113716969e-05
Feature_987,3.336039873933884e-05
Feature_265,3.28523745319046e-05
Feature_510,3.277206853043424e-05
Feature_106,3.2697061921179226e-05
Feature_874,3.2395004865634294e-05
Feature_281,3.228197297960379e-05
Feature_322,3.2035574438202735e-05
Feature_268,3.19825810017903e-05
Feature_124,3.1874463241658195e-05
Feature_806,3.0264506490445373e-05
Feature_245,3.0259352535675897e-05
Feature_944,3.021927597401091e-05
Feature_309,3.0199470621090546e-05
Feature_989,3.0117534217119177e-05
Feature_114,3.008626227039351e-05
Feature_662,2.9964333561179047e-05
Feature_575,2.9922566907958988e-05
Feature_890,2.9637709710755165e-05
Feature_68,2.9614681021145375e-05
Feature_637,2.9281596460805307e-05
Feature_300,2.9259158148452615e-05
Feature_18,2.9003606127707826e-05
Feature_244,2.8676837729363666e-05
Feature_17,2.859407426474263e-05
Feature_352,2.8171758350619855e-05
Feature_425,2.8153570042010753e-05
Feature_707,2.779350120933657e-05
Feature_618,2.7728190814030998e-05
Feature_53,2.6067964499481268e-05
Feature_619,2.5797766815276197e-05
Feature_794,2.575868936100958e-05
Feature_537,2.5580591412287387e-05
Feature_870,2.4552819078417797e-05
Feature_852,2.454021438555996e-05
Feature_964,2.4438804200599406e-05
Feature_345,2.3993503425003838e-05
Feature_259,2.3946411658354805e-05
Feature_264,2.385045176613475e-05
Feature_383,2.3323428058029113e-05
Feature_860,2.3083476807581623e-05
Feature_527,2.2162583453109274e-05
Feature_419,2.1687270104712313e-05
Feature_1019,2.155931965524687e-05
Feature_70,2.0877464856205453e-05
Feature_154,2.0849364663490634e-05
Feature_646,2.0673270068222038e-05
Feature_410,2.063898321659394e-05
Feature_67,2.0547520143111343e-05
Feature_735,2.03321673062419e-05
Feature_307,2.0246659560768874e-05
Feature_422,2.0145607467364355e-05
Feature_602,1.9802372457763793e-05
Feature_348,1.9557405605362986e-05
Feature_153,1.9494062688863778e-05
Feature_443,1.9195624659943185e-05
Feature_360,1.892694538797173e-05
Feature_877,1.874006460096496e-05
Feature_332,1.857704256280996e-05
Feature_87,1.78949805770344e-05
Feature_683,1.7882818135749725e-05
Feature_397,1.770712561663003e-05
Feature_455,1.7358284841202476e-05
Feature_720,1.7255166765960436e-05
Feature_411,1.69836836529182e-05
Feature_878,1.69241872321436e-05
Feature_560,1.642469600790833e-05
Feature_58,1.6336792280259262e-05
Feature_771,1.6260924598954318e-05
Feature_229,1.571227156383372e-05
Feature_617,1.5510597353102183e-05
Feature_292,1.4753195830267886e-05
Feature_708,1.4746792427695254e-05
Feature_160,1.4734462775716397e-05
Feature_762,1.4523210018893452e-05
Feature_978,1.4142855894885989e-05
Feature_41,1.4033507858266603e-05
Feature_610,1.3721918575703294e-05
Feature_591,1.3276820811020684e-05
Feature_880,1.3256373215722305e-05
Feature_77,1.3130578771027494e-05
Feature_534,1.2823723333508496e-05
Feature_638,1.2414892820670946e-05
Feature_86,1.2154420456172944e-05
Feature_335,1.2012453777651893e-05
Feature_7,1.1519813379709375e-05
Feature_506,1.1455793049664454e-05
Feature_450,1.112381461532549e-05
Feature_514,1.0271477673995833e-05
Feature_656,1.024579577453011e-05
Feature_636,1.0212544953395763e-05
Feature_723,9.794460670982197e-06
Feature_194,9.554004646955862e-06
Feature_304,9.259578407282732e-06
Feature_291,9.05195956190994e-06
Feature_460,9.039879238935101e-06
Feature_261,8.143342351490901e-06
Feature_658,8.060543772808164e-06
Feature_373,7.918392242345356e-06
Feature_138,7.807043663513014e-06
Feature_1004,7.411636323871559e-06
Feature_151,6.912459929108654e-06
Feature_1017,6.455016868537201e-06
Feature_862,6.266110888736875e-06
Feature_583,5.962227339432502e-06
Feature_375,5.840292008926439e-06
Feature_679,5.267247489267923e-06
Feature_664,5.181673588941748e-06
Feature_497,4.954810689832812e-06
Feature_409,4.94270457061532e-06
Feature_954,4.73613052131796e-06
Feature_819,4.277969890881645e-06
Feature_871,4.27259733585501e-06
Feature_23,4.098013310527904e-06
Feature_824,3.4610366361402355e-06
Feature_533,2.81535951633316e-06
Feature_734,2.463390875459481e-06
Feature_920,2.1306469401793037e-06
Feature_31,2.0752292786255564e-06
Feature_62,1.9898154047151452e-06
Feature_39,1.5933173752557649e-06
Feature_439,1.4756206044808095e-06
Feature_486,5.634507314681514e-07
Feature_822,4.775157493810411e-07
Feature_338,2.516378125619667e-07
Feature_337,1.6666667943354698e-08
Feature_728,0.0
Feature_784,0.0
Feature_706,0.0
Feature_789,0.0
Feature_747,0.0
Feature_779,0.0
Feature_753,0.0
Feature_613,0.0
Feature_818,0.0
Feature_639,0.0
Feature_554,0.0
Feature_605,0.0
Feature_736,0.0
Feature_682,0.0
Feature_687,0.0
Feature_686,0.0
Feature_698,0.0
Feature_632,0.0
Feature_454,0.0
Feature_451,0.0
Feature_866,0.0
Feature_468,0.0
Feature_469,0.0
Feature_476,0.0
Feature_868,0.0
Feature_850,0.0
Feature_526,0.0
Feature_855,0.0
Feature_540,0.0
Feature_542,0.0
Feature_849,0.0
Feature_570,0.0
Feature_841,0.0
Feature_530,0.0
Feature_567,0.0
Feature_564,0.0
Feature_621,0.0
Feature_616,0.0
Feature_634,0.0
Feature_324,0.0
Feature_280,0.0
Feature_287,0.0
Feature_414,0.0
Feature_405,0.0
Feature_401,0.0
Feature_396,0.0
Feature_357,0.0
Feature_398,0.0
Feature_902,0.0
Feature_341,0.0
Feature_942,0.0
Feature_248,0.0
Feature_929,0.0
Feature_937,0.0
Feature_288,0.0
Feature_240,0.0
Feature_195,0.0
Feature_196,0.0
Feature_177,0.0
Feature_200,0.0
Feature_199,0.0
Feature_197,0.0
Feature_188,0.0
Feature_184,0.0
Feature_183,0.0
Feature_960,0.0
Feature_99,0.0
Feature_973,0.0
Feature_121,0.0
Feature_142,0.0
Feature_133,0.0
Feature_110,0.0
Feature_107,0.0
Feature_94,0.0
Feature_56,0.0
Feature_983,0.0
Feature_980,0.0
Feature_36,0.0
Feature_1000,0.0
Feature_29,0.0
Feature_1001,0.0
Feature_1008,0.0
